Index,item_id,G1,G2,G3,G4,G5,G6,G7,G8,G9,G10,G11,G12,G13,G14,G15,G16,G17,G18,G19,G20
0,1,0,1,1,1,1,0,1,0,0,1,0,0,1,0,0,0,0,1,0,0
1,2,0,0,1,1,1,1,0,1,0,0,0,0,0,1,1,1,0,1,1,1
2,3,0,1,0,1,1,1,0,1,1,1,1,1,0,0,1,0,1,0,1,0
3,4,0,1,1,0,0,0,0,1,0,1,1,0,1,0,1,1,0,1,0,0
4,5,0,1,1,1,0,1,1,0,1,1,1,0,1,0,1,0,0,1,1,1
5,6,0,0,1,1,0,1,1,1,1,1,1,0,0,1,0,0,0,0,1,1
6,7,1,1,1,1,1,1,1,1,1,1,1,0,0,0,1,1,0,0,0,0
7,8,1,0,0,0,1,1,1,1,0,1,1,0,1,0,0,1,0,0,1,1
8,9,1,1,1,0,1,0,0,1,0,1,1,0,0,1,0,0,0,1,1,0
9,10,0,1,0,1,0,1,1,1,1,0,1,1,1,1,1,0,1,1,0,0
10,11,1,0,1,0,0,1,0,1,1,0,1,0,1,1,0,0,0,0,1,1
11,12,1,1,0,0,0,0,1,1,1,0,1,1,1,1,1,0,0,0,0,1
12,13,1,0,1,0,1,0,1,0,0,1,1,1,0,1,1,0,0,1,0,1
13,14,1,1,0,1,1,1,1,1,0,0,0,1,0,1,0,0,1,1,0,1
14,15,0,1,1,1,1,0,0,0,1,1,1,1,1,1,0,0,0,0,1,1
15,16,1,1,0,1,1,1,0,0,0,1,1,0,0,1,1,1,0,0,1,0
16,17,1,0,1,1,0,0,0,0,1,1,1,1,0,1,1,1,0,0,1,1
17,18,0,0,0,1,0,0,0,1,1,1,0,0,1,0,1,1,0,0,0,1
18,19,0,1,0,1,0,1,1,1,1,1,1,1,0,1,1,0,1,0,0,0
19,20,0,0,0,1,0,1,0,1,1,0,0,0,1,1,1,1,0,0,1,1
20,21,1,1,1,0,0,1,0,0,0,0,1,1,0,0,1,1,0,0,1,1
21,22,0,1,1,1,0,0,0,1,1,1,0,1,0,1,0,1,0,0,1,0
22,23,1,0,1,0,1,0,0,0,1,1,0,1,0,0,0,0,0,1,1,0
23,24,0,0,0,1,1,0,0,1,1,0,0,0,0,1,1,1,0,1,1,1
24,25,0,1,1,1,1,0,0,0,0,0,1,0,0,1,1,1,0,0,1,1
25,26,1,0,0,0,0,0,1,0,1,0,1,1,1,0,1,0,0,1,1,0
26,27,1,0,0,1,0,0,1,1,0,0,1,1,1,1,1,0,0,1,0,0
27,28,1,1,1,0,0,0,0,0,0,1,0,0,1,1,1,0,0,1,1,0
28,29,1,0,1,0,1,0,0,1,0,1,1,1,0,1,1,0,0,1,0,0
29,30,0,0,0,1,1,0,1,1,0,1,1,1,1,1,1,1,0,1,0,1
30,31,0,1,1,0,1,1,0,1,1,1,0,1,0,1,1,1,0,1,0,1
31,32,0,0,1,0,1,1,1,1,1,1,0,1,1,1,1,1,1,0,0,0
32,33,1,1,1,1,1,0,0,0,1,0,1,0,0,1,1,0,0,0,1,0
33,34,0,1,1,1,0,1,0,1,0,1,0,0,0,0,1,0,0,1,1,1
34,35,0,1,0,1,1,0,1,1,0,1,1,1,1,1,0,1,1,0,1,0
35,36,0,0,0,0,0,0,0,0,1,0,0,0,1,0,0,1,1,1,0,1
36,37,0,0,0,0,0,1,0,0,0,0,1,1,1,1,1,1,0,1,0,1
37,38,0,0,1,0,0,0,1,1,0,0,1,0,0,0,0,0,1,1,0,0
38,39,0,1,0,1,1,0,0,1,1,1,1,0,0,1,1,0,1,1,0,1
39,40,0,1,0,0,1,0,0,0,1,0,0,0,0,1,0,0,0,1,1,0
40,41,0,1,1,1,1,0,0,1,0,0,1,1,1,1,1,0,1,1,0,1
41,42,1,1,1,1,0,0,0,0,0,1,1,1,1,1,0,1,0,1,0,0
42,43,0,1,1,0,0,1,0,1,1,0,0,1,0,1,1,0,1,1,0,1
43,44,0,1,0,1,0,0,0,0,0,0,1,0,0,0,0,1,1,1,0,1
44,45,0,1,0,0,1,1,0,0,1,0,1,1,1,0,1,0,0,0,1,1
45,46,1,1,1,0,1,1,1,1,1,0,0,0,1,1,0,1,0,1,1,1
46,47,0,0,1,1,0,0,1,0,0,0,0,1,1,1,1,0,0,1,1,1
47,48,1,1,0,1,0,1,0,0,1,0,1,0,0,0,0,0,1,0,0,1
48,49,0,0,0,0,0,0,0,1,1,1,0,1,0,1,0,1,1,0,0,0
49,50,0,0,0,1,0,0,1,0,0,0,1,0,1,1,1,0,1,1,1,1
50,51,0,1,0,1,1,0,0,0,1,1,1,1,1,1,0,0,0,1,1,1
51,52,1,0,1,1,0,0,0,0,0,0,0,0,1,0,1,0,1,1,1,1
52,53,0,1,1,1,1,0,1,0,1,1,1,1,0,1,1,0,1,1,0,1
53,54,1,0,0,1,0,0,0,0,0,1,1,1,0,1,1,1,0,1,0,1
54,55,0,0,1,1,0,1,0,0,1,0,0,0,0,1,0,0,1,1,0,1
55,56,0,1,1,1,0,1,1,1,0,1,1,0,0,0,1,0,0,1,0,1
56,57,1,1,1,0,1,0,0,0,1,0,1,1,1,0,1,0,0,1,0,0
57,58,1,1,1,1,1,0,0,0,1,1,0,1,1,1,1,1,1,1,1,0
58,59,1,1,1,0,0,1,1,0,1,1,0,0,1,0,1,0,1,1,1,0
59,60,0,1,0,1,0,0,1,1,0,0,1,1,0,1,1,0,0,0,1,1
60,61,0,0,0,1,1,1,0,1,1,1,1,1,0,0,1,1,1,0,1,1
61,62,1,0,1,0,0,1,1,1,0,0,0,1,1,1,1,1,0,1,0,1
62,63,0,0,0,1,0,0,1,0,1,1,1,0,1,1,1,1,1,0,0,0
63,64,0,1,0,0,0,0,1,1,0,0,0,1,0,1,1,1,1,0,0,1
64,65,0,0,1,1,1,1,0,0,0,1,1,1,0,0,1,1,0,0,1,1
65,66,1,0,1,1,1,0,0,1,0,1,0,0,0,0,1,1,0,1,1,1
66,67,0,1,0,1,1,1,0,1,0,0,1,1,1,1,0,1,0,0,1,0
67,68,0,1,1,0,1,0,0,0,1,0,1,1,0,1,1,0,1,0,0,0
68,69,0,1,0,0,0,0,1,1,1,1,0,0,1,1,0,0,1,1,0,0
69,70,1,1,0,0,0,0,1,0,0,0,1,0,1,1,1,0,1,0,0,1
70,71,0,0,0,1,1,0,0,1,0,0,1,1,0,1,1,0,1,0,1,0
71,72,0,1,0,0,1,1,0,1,1,1,0,0,0,0,0,1,1,0,0,0
72,73,0,1,0,0,1,0,1,0,1,0,1,0,0,0,1,1,0,1,1,1
73,74,1,0,1,1,0,1,1,1,0,0,1,1,0,0,1,0,1,0,1,0
74,75,1,1,1,0,1,1,1,0,0,1,0,0,0,0,0,1,0,0,1,0
75,76,1,0,1,0,1,0,1,1,0,1,1,1,0,0,1,1,0,0,1,1
76,77,1,0,0,1,1,0,0,0,1,1,0,1,0,1,1,1,1,1,1,1
77,78,1,1,0,0,0,0,0,1,0,1,0,0,1,1,0,0,0,1,0,0
78,79,1,1,1,1,0,1,0,0,1,0,1,1,0,1,0,1,1,1,1,0
79,80,0,0,0,1,0,1,1,0,0,1,1,1,1,0,1,0,1,0,1,0
80,81,0,1,1,0,1,1,1,0,1,0,0,1,1,0,0,1,0,1,1,1
81,82,1,0,0,1,1,0,0,0,0,1,1,1,0,0,0,0,0,1,1,0
82,83,1,1,1,1,0,0,0,0,1,1,0,0,0,0,1,1,0,1,1,0
83,84,1,0,0,0,0,0,0,0,1,0,1,0,0,0,1,0,0,0,1,0
84,85,0,0,0,1,0,1,0,0,1,1,0,1,0,1,1,1,1,0,1,0
85,86,1,1,0,1,0,1,0,1,1,1,0,0,0,1,0,0,0,0,0,0
86,87,1,1,1,1,1,0,1,0,1,0,0,0,0,0,1,0,0,0,0,1
87,88,1,0,1,0,1,0,1,1,1,0,1,0,1,0,0,0,0,1,1,0
88,89,0,1,0,1,0,0,0,1,0,1,0,0,0,1,1,1,0,1,0,0
89,90,0,1,0,1,1,1,1,1,1,0,0,0,1,1,0,1,0,0,1,0
90,91,1,1,1,1,1,0,0,1,0,0,0,0,0,1,0,1,1,0,1,1
91,92,0,1,1,1,0,0,0,0,1,1,1,0,0,1,1,1,1,1,1,0
92,93,0,1,1,1,0,0,1,0,1,0,1,0,1,1,0,0,0,0,1,1
93,94,1,1,0,0,1,1,1,0,1,0,1,1,1,0,1,0,1,0,0,0
94,95,0,0,0,1,0,0,1,0,0,0,1,1,1,1,0,1,1,1,1,0
95,96,1,1,0,0,1,0,0,1,0,0,0,0,0,1,0,0,1,0,1,1
96,97,1,1,0,0,0,1,0,0,0,1,0,1,1,1,1,0,1,0,1,1
97,98,0,0,0,1,0,0,1,1,1,0,0,0,1,1,0,1,0,1,1,0
98,99,1,0,0,1,0,0,0,0,1,0,0,1,1,0,0,0,0,1,1,1
99,100,0,0,1,0,0,0,0,1,1,0,0,1,0,1,0,0,0,0,0,0
100,101,1,1,1,0,0,1,1,0,1,1,1,1,0,0,0,1,1,0,1,0
101,102,0,0,1,1,0,1,1,0,1,1,0,0,1,1,1,0,1,0,0,1
102,103,0,1,1,1,0,0,1,0,0,1,1,1,1,1,1,1,1,0,0,0
103,104,0,0,0,1,0,1,1,1,0,0,0,1,1,1,1,0,0,0,1,1
104,105,1,1,0,0,0,1,1,0,1,1,0,1,1,1,0,0,0,1,0,0
105,106,0,0,0,0,0,0,0,1,1,1,0,1,1,1,0,1,1,1,0,1
106,107,1,1,0,0,1,1,1,0,1,0,1,0,1,0,1,1,1,0,0,1
107,108,1,1,0,1,0,1,1,1,1,1,1,0,0,0,1,0,1,1,0,1
108,109,1,1,0,0,1,0,0,0,1,0,0,0,1,0,0,0,0,1,1,0
109,110,1,1,1,1,1,0,0,1,0,0,0,1,1,0,0,1,1,1,0,1
110,111,1,0,0,1,0,1,1,1,0,0,0,1,1,0,1,1,0,0,0,0
111,112,1,0,0,1,1,1,0,1,0,1,1,1,1,0,0,1,0,0,1,0
112,113,0,1,1,0,1,1,1,1,1,0,0,0,0,0,1,0,1,0,0,0
113,114,0,1,1,0,1,0,1,0,0,1,0,1,0,1,0,0,0,0,0,0
114,115,1,1,1,0,1,1,1,1,1,1,1,0,0,1,0,0,1,0,0,0
115,116,1,0,1,0,0,0,0,1,0,1,1,0,1,1,1,1,1,1,0,0
116,117,1,0,0,1,1,0,0,0,1,1,1,1,0,1,1,0,1,0,1,0
117,118,1,0,1,1,0,1,0,1,0,0,1,1,1,0,0,1,0,0,1,0
118,119,1,1,0,1,1,0,0,0,0,1,0,0,1,0,1,1,1,1,0,0
119,120,0,0,0,0,0,0,1,0,1,1,1,0,1,0,1,0,0,1,1,0
120,121,1,0,1,0,0,0,0,0,0,0,1,1,0,1,0,1,1,0,1,0
121,122,1,1,1,0,0,1,0,1,0,0,1,1,1,0,1,0,1,0,0,1
122,123,0,1,1,0,0,0,1,1,1,1,1,0,1,1,1,1,1,0,1,0
123,124,0,1,0,0,1,1,1,0,0,1,1,0,0,1,0,1,1,0,1,0
124,125,1,1,1,0,0,1,1,1,0,1,1,0,0,0,1,0,1,1,0,0
125,126,1,0,0,1,1,1,1,0,0,1,1,1,0,0,1,0,0,1,1,0
126,127,0,0,0,0,1,0,0,1,0,0,1,0,0,1,0,1,0,0,0,1
127,128,1,1,1,0,0,1,1,1,1,0,0,1,0,0,0,0,0,0,0,0
128,129,1,1,0,0,1,0,1,1,1,0,1,1,1,1,1,0,0,1,1,1
129,130,0,0,0,0,0,1,1,0,1,0,0,0,0,0,0,1,0,0,1,0
130,131,1,0,0,0,0,1,0,1,0,0,1,1,0,0,0,0,1,1,1,0
131,132,0,0,1,1,1,0,1,1,1,1,1,1,1,0,1,0,1,0,0,0
132,133,1,0,1,1,1,0,0,1,1,0,1,1,0,0,1,0,1,0,0,1
133,134,1,1,0,1,1,0,1,0,1,0,1,1,1,0,1,0,0,1,0,1
134,135,1,0,0,0,0,0,0,0,1,0,0,0,0,0,1,1,1,0,0,0
135,136,1,0,1,0,0,1,0,1,1,1,0,0,1,0,1,1,0,0,1,1
136,137,1,0,0,0,0,0,0,0,1,0,1,0,0,0,1,1,0,0,1,1
137,138,0,0,1,0,0,1,0,0,0,0,1,0,0,1,0,1,1,1,1,1
138,139,0,0,1,0,1,0,1,1,0,1,0,0,0,0,1,1,0,1,0,1
139,140,0,1,1,0,0,1,1,0,1,0,1,1,0,0,0,1,0,0,1,1
140,141,1,1,0,0,1,1,0,1,1,0,1,1,1,1,1,0,1,1,0,0
141,142,0,0,0,1,1,0,0,0,0,0,0,1,1,0,0,1,0,1,0,0
142,143,1,0,0,0,1,1,1,1,1,0,0,1,1,0,0,0,1,1,1,1
143,144,1,0,1,0,0,0,1,0,1,1,0,1,1,0,1,1,1,0,0,0
144,145,1,1,0,1,1,0,1,1,1,1,1,1,0,1,0,0,0,1,1,1
145,146,0,1,0,1,1,0,0,1,1,1,1,0,1,1,0,0,0,1,1,1
146,147,0,1,1,0,1,0,1,1,1,1,0,1,1,1,0,1,1,0,0,0
147,148,0,0,1,0,1,0,0,1,1,0,1,0,0,1,1,0,1,1,0,0
148,149,0,1,0,1,0,1,0,0,1,0,0,0,1,1,0,1,1,0,0,0
149,150,1,0,0,1,0,1,0,0,1,0,1,1,0,0,1,1,1,0,1,1
150,151,0,1,0,0,1,1,0,0,0,0,1,0,1,1,0,1,1,0,0,0
151,152,0,1,1,0,1,1,0,0,1,0,1,1,0,0,1,1,1,0,0,1
152,153,0,0,1,1,1,0,0,0,0,1,1,0,1,1,1,1,1,1,1,0
153,154,1,1,1,0,1,1,1,0,0,0,0,0,0,1,1,0,0,1,1,0
154,155,0,0,0,0,0,0,0,0,0,1,1,0,1,1,1,1,1,0,0,0
155,156,1,0,1,0,0,0,1,0,0,1,0,1,0,1,0,0,1,1,0,0
156,157,0,1,1,1,1,0,0,0,0,1,0,1,0,1,0,1,1,0,1,0
157,158,1,1,1,0,0,1,1,0,1,0,0,0,1,1,0,1,1,1,0,1
158,159,1,0,0,1,0,0,0,0,1,0,0,0,0,1,1,1,0,1,1,1
159,160,0,1,1,0,0,1,0,0,0,1,0,0,1,1,1,0,0,1,0,1
160,161,0,1,1,1,1,0,0,0,0,1,0,0,0,0,1,1,0,0,0,1
161,162,0,0,0,1,0,1,0,0,1,1,0,0,1,0,1,0,1,0,0,0
162,163,0,1,1,1,1,1,0,1,1,1,1,0,1,0,0,1,1,0,1,1
163,164,0,0,0,0,1,1,1,0,0,1,0,1,1,1,1,1,0,0,1,1
164,165,0,0,1,0,1,0,0,1,1,0,1,0,0,0,1,1,0,1,1,0
165,166,0,0,1,1,0,0,0,0,0,0,0,1,0,0,0,1,1,0,1,1
166,167,1,1,0,1,1,1,0,1,0,1,1,1,0,1,0,0,0,0,1,0
167,168,0,1,0,0,1,1,0,1,1,0,0,1,0,0,0,0,0,1,1,0
168,169,1,0,1,1,1,1,0,0,0,1,1,1,0,1,0,0,1,0,0,0
169,170,1,1,0,1,0,1,0,1,1,0,1,1,1,1,0,1,0,0,0,1
170,171,0,1,0,0,0,0,0,1,0,1,1,1,1,1,0,1,1,1,0,1
171,172,0,1,0,0,1,1,0,1,0,1,0,1,0,0,0,1,0,0,1,1
172,173,0,1,1,1,1,1,1,0,0,1,0,1,1,0,1,1,1,0,1,1
173,174,0,1,0,1,0,0,0,1,1,0,0,1,1,1,0,0,1,0,0,0
174,175,0,1,1,0,0,1,1,1,1,0,1,0,1,1,1,1,1,0,1,0
175,176,1,0,1,0,1,1,1,1,0,0,0,1,1,0,1,1,1,1,0,1
176,177,0,0,0,1,1,1,0,1,0,1,1,0,0,1,0,0,0,0,0,1
177,178,1,1,1,1,0,1,1,0,1,0,1,0,1,0,1,0,0,0,0,1
178,179,1,1,0,1,1,0,0,1,1,1,0,0,1,1,1,0,1,1,1,0
179,180,0,1,1,1,0,0,1,0,0,1,1,1,1,1,0,0,0,1,0,0
180,181,0,0,1,0,1,0,0,1,0,0,1,1,0,0,1,0,1,0,0,1
181,182,0,1,0,0,0,0,1,0,1,0,0,0,1,0,1,0,0,1,0,1
182,183,0,0,0,1,1,0,0,0,1,0,0,0,0,1,0,0,1,1,1,0
183,184,1,1,1,1,1,0,0,0,1,1,0,1,0,0,1,1,1,0,1,1
184,185,0,1,0,1,0,0,1,1,0,1,1,0,1,0,1,1,1,0,0,1
185,186,1,0,1,1,1,0,1,1,1,1,0,0,1,0,0,1,0,0,0,1
186,187,1,1,1,0,0,0,0,1,0,0,1,0,0,1,0,1,0,1,1,1
187,188,1,1,1,1,1,1,1,1,0,0,0,0,0,1,1,0,1,1,1,1
188,189,1,1,1,0,0,0,0,0,1,1,0,0,0,0,1,0,0,1,1,1
189,190,0,0,1,1,0,0,1,1,1,0,1,1,0,0,0,1,1,1,1,0
190,191,1,1,1,1,0,0,1,0,0,1,0,1,0,1,0,0,0,1,1,1
191,192,0,0,1,1,0,1,0,1,1,0,1,1,1,1,1,0,0,1,1,1
192,193,1,0,1,1,1,1,1,0,0,0,1,0,1,1,1,1,0,0,0,1
193,194,0,1,1,1,0,0,1,1,1,1,1,1,0,0,0,0,1,0,1,0
194,195,0,1,1,0,1,1,0,0,0,1,0,0,0,1,1,0,0,1,1,0
195,196,1,1,1,0,0,0,1,1,0,0,0,1,1,1,1,1,0,1,0,1
196,197,0,0,0,1,0,1,0,1,1,1,0,1,1,1,1,1,1,0,1,1
197,198,0,0,1,1,0,1,1,0,0,1,1,0,1,0,0,0,1,1,1,0
198,199,0,0,1,1,1,0,1,0,0,0,1,0,0,1,1,0,1,1,0,0
199,200,0,0,1,0,0,0,1,1,1,0,0,1,0,0,1,1,0,1,0,1
200,201,0,0,1,0,0,0,0,0,1,1,1,1,0,1,1,1,1,1,1,0
201,202,1,0,1,0,1,0,1,0,1,0,1,0,1,1,1,1,0,1,1,1
202,203,0,1,1,0,1,0,0,1,0,0,0,0,1,1,1,1,1,1,0,1
203,204,0,0,0,0,0,0,0,1,0,1,1,0,1,1,1,0,0,1,1,1
204,205,1,1,0,1,1,1,0,0,1,1,1,0,1,0,0,1,0,1,0,1
205,206,1,1,1,0,1,0,1,0,0,0,1,1,1,1,1,0,1,1,1,0
206,207,1,0,0,0,0,0,1,1,0,1,0,1,0,0,0,1,0,1,0,0
207,208,1,1,1,0,1,0,0,0,1,0,0,0,1,1,0,0,1,1,0,1
208,209,1,1,1,1,0,1,0,1,0,0,0,0,0,0,1,0,0,0,0,1
209,210,0,1,0,0,1,1,1,1,1,1,1,1,1,0,0,0,1,1,0,0
210,211,0,0,0,0,0,0,0,1,0,1,0,0,1,1,0,1,1,1,1,0
211,212,0,0,0,1,0,1,0,0,1,0,0,1,1,1,0,1,1,0,0,1
212,213,0,0,0,1,0,1,1,0,1,1,0,1,0,1,0,1,1,1,0,0
213,214,1,0,1,0,1,1,1,1,0,0,1,0,1,0,1,0,1,0,0,1
214,215,0,1,0,1,0,0,1,1,0,1,1,0,0,1,1,1,0,1,0,1
215,216,1,1,1,0,1,1,1,0,0,0,0,0,1,1,1,1,0,0,1,0
216,217,0,1,0,1,1,1,1,1,1,1,0,1,0,0,1,0,1,1,0,1
217,218,1,1,1,0,0,0,0,1,0,0,1,0,0,0,0,1,0,0,0,0
218,219,0,0,0,0,0,0,0,0,1,1,0,1,0,0,1,0,1,1,1,1
219,220,1,0,1,0,1,0,0,0,0,0,1,1,0,1,1,0,1,1,1,1
220,221,0,0,1,0,1,0,1,0,1,1,1,0,1,0,1,1,1,1,1,1
221,222,0,0,0,1,0,0,0,0,0,0,0,1,0,1,1,1,1,1,0,1
222,223,0,0,1,1,0,1,0,1,0,1,0,1,0,0,0,1,0,1,0,0
223,224,1,0,1,1,0,1,0,0,1,1,0,1,1,1,0,1,0,0,1,0
224,225,0,0,0,1,1,1,0,1,0,1,0,0,0,1,0,1,1,1,0,1
225,226,1,1,1,1,1,1,1,0,1,0,0,1,1,1,1,1,0,1,1,0
226,227,0,1,1,1,0,0,0,0,1,1,1,0,0,1,0,0,0,1,0,0
227,228,0,1,1,0,1,1,1,0,1,0,1,0,1,0,1,1,1,0,1,0
228,229,0,0,1,0,0,1,0,0,1,0,1,0,1,1,1,0,0,1,1,0
229,230,0,1,0,0,1,0,0,1,1,0,1,1,1,1,0,1,1,0,0,1
230,231,0,0,1,0,1,0,1,1,0,1,0,0,1,0,1,0,1,0,0,1
231,232,1,1,0,0,1,0,1,1,1,0,0,0,1,1,0,1,0,1,0,1
232,233,0,0,1,0,1,0,0,0,0,1,1,0,1,1,0,1,1,1,1,1
233,234,1,1,0,0,0,1,0,1,0,1,1,1,0,1,0,1,0,1,1,0
234,235,1,1,1,0,1,0,0,0,1,0,1,0,0,1,0,0,0,1,1,0
235,236,0,0,1,1,0,1,1,1,1,0,1,0,1,1,0,0,1,0,1,0
236,237,1,1,0,1,0,0,0,0,0,1,0,1,1,1,0,1,1,0,0,0
237,238,1,0,0,1,1,0,1,0,1,0,1,1,0,0,0,1,1,1,1,0
238,239,0,1,0,1,1,0,0,0,1,0,1,1,0,0,1,0,0,0,1,1
239,240,1,0,1,1,0,0,0,0,1,0,1,1,0,1,0,0,1,1,0,1
240,241,0,0,1,0,0,1,0,1,1,1,0,0,1,1,1,1,1,1,1,1
241,242,1,1,0,1,1,0,0,0,1,1,1,0,0,0,1,0,1,0,1,1
242,243,0,1,1,1,1,0,0,1,0,1,0,0,0,1,0,0,1,0,0,0
243,244,0,0,0,1,0,1,0,0,1,0,1,1,0,0,1,1,0,0,0,1
244,245,0,0,1,1,1,0,1,0,1,0,1,1,0,0,1,1,1,1,0,0
245,246,0,1,1,1,0,1,1,0,0,0,0,1,1,0,0,1,0,1,1,1
246,247,0,0,0,1,1,1,0,1,1,0,1,1,1,0,1,1,0,0,0,1
247,248,1,1,0,1,1,0,1,0,0,1,0,0,0,0,1,1,1,1,0,1
248,249,1,1,0,1,0,0,0,0,1,0,1,0,1,1,1,0,1,1,1,1
249,250,0,0,1,1,0,0,1,0,0,0,0,0,1,1,0,1,1,1,0,0
250,251,1,0,1,0,0,1,0,0,1,1,1,0,1,1,1,0,0,1,0,1
251,252,0,1,0,1,1,0,1,0,0,1,0,1,0,0,1,0,0,1,0,0
252,253,1,0,1,1,0,1,0,0,0,1,0,1,0,1,0,0,1,0,1,1
253,254,1,1,0,0,1,1,0,0,1,0,1,0,0,1,0,1,0,1,1,0
254,255,1,0,0,1,0,1,0,0,0,0,1,1,1,1,0,1,0,0,0,0
255,256,1,1,1,1,0,0,0,0,0,1,1,0,0,0,0,1,1,0,0,1
256,257,1,1,0,1,0,0,1,1,1,1,1,0,0,0,0,0,1,0,0,1
257,258,0,0,1,0,0,1,0,0,0,1,1,1,0,1,0,0,0,0,1,0
258,259,1,0,0,1,0,1,1,1,0,1,1,0,0,1,0,0,1,1,0,1
259,260,0,0,1,1,0,0,0,0,0,1,0,1,1,0,1,1,1,0,1,1
260,261,0,0,1,1,1,1,1,1,1,0,0,0,1,0,0,0,1,1,0,0
261,262,0,0,0,1,1,1,1,0,0,0,1,0,0,0,1,1,0,0,0,1
262,263,1,0,0,1,0,0,0,0,1,1,1,0,1,0,0,0,1,0,1,1
263,264,0,0,0,1,0,1,0,0,0,0,1,1,1,0,0,1,0,0,0,1
264,265,1,0,1,1,1,1,0,0,0,1,0,1,0,1,0,0,1,1,0,0
265,266,0,0,0,0,1,0,0,0,1,1,0,1,0,0,0,1,1,1,1,0
266,267,0,0,0,0,0,0,1,1,1,1,1,1,0,0,1,0,0,0,1,0
267,268,1,0,0,0,0,1,0,1,0,0,0,1,0,1,1,0,1,1,0,0
268,269,0,0,1,0,1,0,0,0,0,1,0,1,1,0,0,1,1,1,0,1
269,270,0,0,0,0,1,0,1,0,1,0,1,0,1,0,1,0,0,1,1,1
270,271,0,0,1,1,0,1,1,0,0,0,0,0,1,0,0,1,0,0,0,0
271,272,0,0,1,0,0,1,0,1,0,0,0,0,0,0,0,0,0,0,0,0
272,273,0,0,0,1,0,1,1,0,0,0,0,0,1,1,1,0,0,0,1,1
273,274,0,1,1,1,1,1,0,1,0,0,0,1,0,0,1,0,0,1,1,0
274,275,0,0,1,1,1,0,0,1,1,1,0,0,0,1,0,0,0,0,1,0
275,276,0,1,0,1,0,1,1,1,0,1,1,1,0,1,0,1,1,1,1,1
276,277,1,0,0,1,0,0,0,0,1,0,1,0,0,1,1,1,0,1,1,1
277,278,1,0,1,0,1,1,1,0,0,0,1,1,1,0,0,0,0,1,1,0
278,279,1,0,1,0,1,0,1,1,0,0,1,1,1,0,0,1,0,1,1,0
279,280,1,1,1,0,1,0,0,1,0,1,1,0,1,0,0,1,1,1,1,1
280,281,0,0,0,1,0,0,1,0,1,1,0,0,1,1,1,1,1,0,0,1
281,282,1,1,1,1,0,1,0,0,0,1,0,0,0,0,0,1,1,1,0,1
282,283,0,0,1,0,0,0,0,1,0,1,0,0,1,1,0,0,1,0,0,0
283,284,1,1,0,0,0,1,0,1,0,0,0,0,0,0,0,0,0,0,0,0
284,285,1,0,0,1,0,0,1,0,0,1,1,0,0,0,1,1,1,0,0,0
285,286,0,0,0,0,0,1,1,0,1,1,1,1,1,1,1,0,0,0,1,0
286,287,1,1,0,1,1,1,1,1,1,0,0,1,0,1,0,0,1,0,1,0
287,288,0,1,1,0,0,1,1,1,0,0,1,0,0,1,1,1,1,1,1,0
288,289,1,0,1,0,1,0,1,0,1,1,1,0,0,1,0,1,1,0,1,0
289,290,0,0,0,0,1,0,1,1,0,0,0,0,0,1,1,1,0,0,1,0
290,291,1,0,1,0,1,1,1,0,1,1,0,1,0,0,0,0,0,1,0,1
291,292,0,1,1,1,1,0,1,1,1,1,1,0,0,1,0,0,1,0,1,1
292,293,0,0,0,1,0,1,1,0,0,1,1,0,0,1,0,1,1,1,0,1
293,294,0,0,0,1,1,0,1,0,1,0,1,1,0,0,0,0,0,1,1,1
294,295,1,1,0,1,0,0,1,1,0,0,0,0,0,0,1,1,0,0,0,1
295,296,0,1,0,1,0,0,1,1,0,1,0,0,1,1,0,1,0,1,1,1
296,297,0,0,1,1,1,1,1,1,0,0,0,1,1,0,1,0,0,0,1,1
297,298,1,0,0,0,0,1,1,0,1,0,0,0,1,0,0,1,0,1,1,0
298,299,1,0,0,0,1,1,0,0,0,1,1,0,0,1,1,0,1,0,0,1
299,300,0,1,0,1,0,0,1,0,1,1,0,1,1,0,0,1,0,0,0,1
300,301,1,0,1,0,0,1,0,0,1,0,0,1,0,0,0,1,1,1,0,1
301,302,0,1,0,0,0,0,0,0,1,0,0,0,1,0,1,0,0,0,0,1
302,303,0,1,0,0,1,0,1,0,1,0,0,0,0,0,1,1,1,0,1,1
303,304,0,1,1,0,0,1,1,1,1,0,0,0,1,0,0,1,1,0,1,1
304,305,1,1,1,0,1,0,1,1,0,0,0,1,0,1,0,0,1,1,1,0
305,306,1,1,0,1,0,0,0,1,1,1,0,0,0,0,1,1,1,0,1,0
306,307,1,0,1,1,1,1,1,1,0,0,0,0,0,1,1,0,1,1,0,0
307,308,0,0,0,0,1,1,0,0,0,1,0,0,1,0,0,0,1,0,0,1
308,309,0,0,0,1,0,1,1,1,0,0,0,1,0,0,1,1,1,1,0,1
309,310,1,0,0,1,1,0,1,0,0,0,1,1,0,1,0,1,1,1,1,0
310,311,0,0,0,0,1,1,1,1,0,1,0,1,0,0,0,1,0,0,0,1
311,312,0,0,1,1,0,1,1,1,1,1,0,1,0,1,0,1,1,0,0,1
312,313,1,0,1,1,0,0,0,0,0,1,0,0,0,0,0,1,1,0,1,1
313,314,1,0,0,0,0,1,0,1,0,0,1,0,0,0,1,0,0,1,1,1
314,315,1,1,1,0,1,1,1,0,0,1,0,0,1,0,1,1,1,1,0,0
315,316,1,0,0,0,1,0,1,0,0,1,0,0,1,0,0,0,1,0,1,1
316,317,1,0,0,0,0,1,0,1,0,1,0,1,0,1,0,1,0,1,0,1
317,318,0,0,0,0,0,1,1,1,0,0,1,0,1,1,1,0,1,0,1,0
318,319,0,0,1,0,0,1,1,0,0,1,0,0,0,1,0,0,1,0,0,1
319,320,1,1,1,1,0,0,0,0,0,0,0,0,0,1,1,1,0,0,1,0
320,321,1,1,0,1,1,0,1,1,0,0,1,1,1,0,1,0,1,0,1,1
321,322,0,0,0,1,0,0,1,0,1,1,0,0,0,1,0,0,0,0,0,0
322,323,0,1,0,0,1,1,0,1,0,1,1,1,0,0,0,1,0,1,0,1
323,324,0,0,1,0,0,1,1,0,1,0,1,1,0,0,1,0,0,1,0,0
324,325,1,0,0,1,1,0,1,0,1,0,0,0,0,0,0,1,1,1,0,0
325,326,0,1,0,0,0,1,1,0,1,1,0,0,0,0,0,1,1,1,0,0
326,327,0,0,0,1,1,1,0,1,0,1,0,1,1,0,1,1,0,0,1,1
327,328,0,0,1,1,0,1,0,1,0,1,0,0,1,1,0,1,0,0,0,1
328,329,1,1,1,0,0,1,0,1,0,1,0,1,1,1,0,0,1,0,1,0
329,330,1,0,1,0,1,0,0,1,1,1,0,1,0,1,0,1,0,0,1,0
330,331,0,1,1,0,0,0,1,0,0,1,0,0,0,0,1,0,0,1,0,0
331,332,1,1,0,1,0,0,0,1,1,1,0,0,1,0,1,1,1,1,1,1
332,333,1,0,1,0,1,1,0,0,1,1,1,0,0,0,0,0,1,1,1,1
333,334,1,0,1,1,0,0,0,0,0,1,1,1,0,0,0,0,1,0,1,0
334,335,0,1,1,0,1,0,0,0,0,1,1,1,1,0,1,0,1,1,0,0
335,336,0,1,1,1,1,1,0,1,0,0,1,1,0,0,0,1,0,0,0,0
336,337,1,0,0,0,1,0,0,0,0,1,1,1,1,0,0,0,1,1,1,1
337,338,0,0,0,1,0,0,1,1,0,0,1,1,0,0,0,0,1,0,0,0
338,339,0,1,1,0,0,1,0,0,1,1,1,1,1,0,1,0,0,1,1,1
339,340,1,1,1,0,0,1,0,0,1,1,1,1,0,1,0,1,0,0,0,0
340,341,1,0,0,1,0,1,1,1,1,0,1,0,1,1,0,0,1,1,1,0
341,342,1,0,1,0,1,0,0,1,1,0,1,1,0,0,1,0,1,0,0,0
342,343,0,1,0,1,0,1,0,1,0,0,1,1,1,1,0,0,1,0,0,0
343,344,1,1,1,1,0,1,1,1,1,1,1,0,0,1,0,0,0,0,0,0
344,345,0,1,0,0,0,0,0,1,1,0,1,0,0,1,0,1,1,1,0,1
345,346,0,1,1,0,1,0,1,0,0,0,0,0,0,1,1,1,0,1,0,1
346,347,1,1,0,1,0,0,0,0,0,1,0,0,1,0,0,1,1,0,1,0
347,348,1,0,1,0,1,0,1,1,1,1,0,1,0,1,1,0,1,1,1,1
348,349,0,0,0,0,1,0,0,0,1,1,0,1,1,0,1,1,1,1,1,1
349,350,1,1,0,0,1,1,1,0,1,1,0,0,1,1,1,1,0,1,0,0
350,351,0,1,0,1,1,1,0,1,1,1,1,0,1,0,0,1,0,1,1,0
351,352,0,0,1,1,1,0,1,0,1,0,0,1,1,0,1,0,0,1,0,1
352,353,1,0,1,0,1,1,0,0,0,0,0,1,0,0,1,1,0,1,0,0
353,354,1,0,1,1,0,1,1,1,1,0,1,0,1,0,0,0,1,1,0,0
354,355,0,0,0,0,1,0,1,1,1,1,0,1,0,0,0,1,0,1,1,0
355,356,0,1,0,0,0,0,1,1,1,0,1,1,1,0,0,0,1,0,0,0
356,357,0,0,0,0,1,0,1,0,1,0,0,0,1,0,0,0,1,1,1,0
357,358,0,1,0,1,0,1,1,1,1,0,0,0,1,0,0,0,1,1,0,1
358,359,1,0,0,0,1,1,1,1,0,1,0,0,1,1,1,1,1,1,0,1
359,360,0,1,0,0,1,0,1,0,0,1,1,1,0,0,0,0,1,1,1,1
360,361,1,0,1,1,1,1,0,0,1,1,1,1,0,0,0,1,1,0,1,0
361,362,1,0,0,0,0,1,0,1,0,1,1,1,0,1,0,1,1,1,0,0
362,363,1,0,1,0,1,0,0,1,1,1,0,1,1,0,0,0,1,1,1,0
363,364,1,0,0,1,1,1,0,1,0,1,1,0,0,1,1,0,1,1,1,1
364,365,1,0,1,1,0,1,0,1,0,0,0,0,1,0,0,0,1,1,0,0
365,366,0,0,0,0,1,0,0,1,1,1,0,0,0,0,0,0,1,1,0,1
366,367,0,1,0,0,0,1,0,0,1,0,0,1,0,1,0,0,0,1,0,1
367,368,1,1,0,0,1,0,0,0,0,0,0,0,0,1,1,1,0,0,0,1
368,369,0,0,0,0,1,1,1,1,1,1,0,0,0,0,0,0,1,1,0,0
369,370,1,1,0,1,1,0,0,1,0,0,0,0,1,1,0,0,0,0,0,0
370,371,1,0,0,1,1,1,0,0,1,0,1,0,1,1,1,1,1,0,0,1
371,372,1,1,0,0,0,0,0,0,1,1,1,1,0,1,1,0,1,1,0,0
372,373,1,1,1,0,0,0,0,0,0,0,0,1,0,0,1,1,0,1,0,1
373,374,0,0,1,1,0,1,1,0,0,0,1,0,1,0,1,0,0,1,0,0
374,375,1,0,1,1,0,1,1,0,0,1,1,0,1,1,0,0,1,1,0,1
375,376,0,0,1,0,0,1,1,1,0,0,1,1,0,1,0,0,0,1,0,0
376,377,1,0,0,0,0,1,1,1,1,0,0,0,0,0,1,0,1,0,1,0
377,378,0,1,0,1,1,0,1,0,1,1,1,0,1,1,1,1,0,1,0,1
378,379,0,0,0,0,0,1,0,1,0,0,1,0,0,0,0,1,0,0,1,1
379,380,0,0,0,0,0,1,1,1,1,1,0,0,1,1,0,0,0,0,1,1
380,381,0,1,1,1,1,0,0,0,0,1,1,0,0,1,0,1,0,0,1,1
381,382,0,1,0,1,1,0,1,1,0,1,1,0,1,1,1,0,0,0,0,1
382,383,0,0,0,1,1,0,0,1,1,1,0,0,0,1,1,0,1,1,1,1
383,384,0,1,1,0,0,0,0,0,1,1,1,0,0,1,1,1,1,1,1,1
384,385,0,0,1,1,1,1,1,0,1,0,1,1,0,0,0,0,0,0,1,1
385,386,1,0,0,0,1,1,1,1,0,0,0,1,0,0,1,1,0,0,0,1
386,387,0,1,0,1,0,0,1,1,1,1,1,0,1,1,1,0,1,0,1,0
387,388,0,1,0,0,1,0,1,0,1,1,1,0,1,1,0,0,0,1,1,0
388,389,0,0,1,1,1,1,1,1,0,1,1,1,0,0,0,0,0,0,0,1
389,390,1,1,1,1,0,0,0,1,0,1,1,1,1,1,0,0,0,1,1,1
390,391,0,0,1,1,0,0,0,0,0,1,1,1,0,0,1,0,1,1,1,0
391,392,1,1,1,1,1,0,1,0,1,1,0,0,0,0,0,1,1,0,0,0
392,393,1,0,1,0,1,0,1,0,0,0,1,0,0,1,1,1,0,1,1,1
393,394,0,1,0,1,1,0,1,0,0,0,0,0,0,0,1,1,1,1,1,0
394,395,1,1,0,1,1,0,0,0,0,1,1,1,0,0,0,0,1,0,0,1
395,396,1,0,0,0,0,0,1,0,0,1,1,0,1,0,1,1,1,1,0,0
396,397,0,1,1,0,0,1,1,0,1,0,1,1,0,0,1,1,0,0,1,1
397,398,1,1,1,1,0,0,0,1,0,1,1,1,1,1,1,0,0,1,1,0
398,399,1,0,1,1,1,0,1,1,1,1,1,0,0,0,0,1,1,0,1,1
399,400,0,0,0,1,1,1,0,1,1,0,1,0,1,1,1,1,0,0,0,0
400,401,0,1,1,0,1,0,0,1,0,1,1,0,0,0,0,0,0,0,1,1
401,402,1,0,1,1,1,1,1,0,0,1,0,0,0,1,0,0,1,1,1,0
402,403,1,1,0,0,0,0,1,1,0,1,0,0,1,0,1,0,0,1,0,1
403,404,1,0,0,0,1,1,1,0,0,1,1,1,1,1,0,1,1,0,0,1
404,405,1,1,1,1,0,1,0,0,1,1,0,0,1,1,0,0,1,0,1,0
405,406,0,1,0,0,0,0,1,1,0,0,0,0,0,1,1,1,1,0,0,0
406,407,1,0,1,0,1,0,1,0,0,0,1,1,1,1,0,0,1,0,1,1
407,408,0,0,1,0,1,1,1,1,1,1,0,1,1,1,0,0,1,0,1,1
408,409,0,0,1,1,0,0,1,0,1,0,1,1,0,1,1,1,0,0,1,0
409,410,0,0,1,0,0,1,1,0,0,0,1,0,0,1,1,1,0,1,1,1
410,411,0,1,1,1,1,0,0,1,1,1,1,1,1,1,1,1,1,0,1,0
411,412,0,1,0,0,1,0,0,1,0,1,0,0,0,1,0,0,1,0,0,0
412,413,1,0,0,1,0,0,1,1,0,1,1,0,0,0,1,1,0,0,0,1
413,414,0,0,0,0,0,1,0,0,1,0,1,1,1,0,1,0,0,1,1,1
414,415,1,0,0,0,1,1,1,0,0,1,0,0,1,1,1,0,0,0,1,0
415,416,1,1,1,1,0,0,1,1,0,1,0,1,0,0,1,0,0,1,1,1
416,417,1,0,1,1,1,0,0,0,1,1,0,1,1,0,0,0,1,1,0,1
417,418,1,0,1,0,1,0,1,0,0,1,0,0,0,1,0,1,1,0,1,1
418,419,1,0,0,0,0,1,0,0,1,0,0,1,1,1,0,0,1,1,1,0
419,420,0,1,1,1,1,0,0,1,1,1,1,0,0,1,0,1,1,0,0,0
420,421,0,0,1,1,0,0,1,0,1,1,1,1,0,0,0,1,1,0,0,1
421,422,0,0,0,1,1,1,1,1,0,0,1,1,1,0,1,0,1,1,0,0
422,423,0,0,0,1,1,0,1,0,1,1,0,1,0,0,1,0,0,1,0,0
423,424,1,0,0,1,1,1,1,0,1,0,1,0,1,1,1,1,0,0,0,1
424,425,0,0,0,1,1,1,0,0,0,0,0,0,0,1,0,0,1,1,0,1
425,426,0,0,1,0,0,1,0,0,0,1,1,1,1,1,1,1,1,1,0,1
426,427,0,0,0,0,1,0,1,1,1,1,0,1,0,0,0,1,1,1,0,1
427,428,0,0,0,0,1,0,0,1,0,0,0,0,0,1,1,1,1,1,0,1
428,429,1,0,1,0,1,1,1,1,0,0,1,1,1,0,1,0,1,1,0,1
429,430,1,0,0,1,0,0,0,0,1,1,1,0,0,1,1,1,0,0,1,0
430,431,1,1,0,1,1,0,0,1,1,0,1,0,1,0,1,1,1,0,1,1
431,432,1,1,0,0,0,0,1,1,1,1,1,0,1,1,1,1,0,1,1,1
432,433,0,1,0,1,1,1,0,1,0,0,1,1,1,0,0,1,0,0,0,0
433,434,1,0,1,0,0,0,1,1,1,0,0,0,1,0,1,1,1,1,1,1
434,435,1,1,1,1,1,1,1,1,0,1,1,1,0,1,0,1,0,1,0,0
435,436,0,1,0,1,1,1,0,1,0,0,0,1,1,1,1,0,0,0,1,1
436,437,0,0,1,1,1,1,0,0,1,0,0,0,0,0,1,1,1,0,0,1
437,438,1,0,0,1,1,0,1,0,1,0,1,0,1,0,1,1,1,1,1,1
438,439,0,1,0,0,1,1,0,0,1,0,0,0,1,0,1,1,1,1,0,1
439,440,0,1,1,0,0,0,0,0,1,1,1,0,0,1,0,1,1,0,0,1
440,441,0,0,0,0,0,1,0,1,1,1,1,1,0,0,1,1,1,1,1,0
441,442,1,0,1,0,1,0,0,1,1,0,1,1,1,0,1,1,0,1,1,0
442,443,1,0,1,0,1,0,1,0,0,0,1,0,1,0,1,1,1,1,1,0
443,444,0,0,1,1,1,1,0,0,1,1,0,0,0,1,1,0,1,0,0,1
444,445,1,0,0,1,1,0,0,1,0,0,0,1,1,1,0,0,0,0,1,1
445,446,0,1,1,0,1,1,0,0,1,1,0,0,0,1,0,0,0,0,0,0
446,447,0,0,0,1,0,0,1,0,0,0,0,1,1,0,0,1,1,1,0,0
447,448,0,0,0,1,1,0,1,1,0,0,0,0,0,1,1,1,0,0,1,1
448,449,1,0,1,1,0,0,1,1,0,0,1,0,0,1,1,0,1,1,0,1
449,450,0,0,1,0,1,0,1,0,0,1,1,0,1,1,0,0,1,0,0,1
450,451,1,1,1,1,1,0,0,0,0,1,0,0,0,1,1,1,0,0,0,1
451,452,1,0,0,0,0,1,1,0,1,0,0,0,0,1,0,1,1,1,0,1
452,453,0,1,0,0,1,1,1,1,1,0,0,1,1,1,1,1,1,1,0,1
453,454,0,0,0,1,0,1,1,0,0,1,0,0,1,0,1,1,1,0,0,1
454,455,1,0,1,0,1,1,0,0,1,0,1,1,1,0,0,0,0,1,0,0
455,456,1,0,1,0,1,0,0,1,1,1,1,0,1,0,1,1,0,0,0,0
456,457,1,1,1,0,0,0,0,1,0,0,1,0,1,1,0,0,1,0,0,0
457,458,0,1,0,1,1,1,1,1,0,0,0,0,0,1,0,1,0,1,1,1
458,459,1,0,1,0,0,1,1,1,0,0,0,0,0,0,1,1,0,1,1,1
459,460,1,0,0,1,0,1,1,0,0,1,0,0,0,0,0,1,0,1,1,0
460,461,0,0,0,0,0,1,0,0,0,0,0,1,0,0,1,0,0,1,1,0
461,462,0,1,0,1,0,0,0,0,1,0,1,1,1,1,1,1,0,1,1,1
462,463,1,1,1,0,0,1,1,0,1,0,1,0,1,0,1,0,0,1,0,1
463,464,0,0,1,1,1,1,1,1,0,1,0,1,0,0,0,1,0,0,0,1
464,465,0,0,0,1,1,0,1,0,0,1,0,1,0,1,0,1,1,1,1,1
465,466,0,0,1,1,1,0,1,1,1,0,1,0,0,1,1,0,1,0,0,0
466,467,1,0,0,0,0,0,0,1,0,0,0,0,0,1,0,1,0,0,1,1
467,468,0,0,1,1,0,1,1,1,0,0,0,0,0,0,1,1,0,1,1,1
468,469,0,1,1,1,0,1,1,1,1,1,0,1,0,1,1,1,1,1,1,0
469,470,0,1,0,1,0,1,0,1,1,1,0,1,1,0,0,0,1,1,0,1
470,471,0,1,0,0,1,0,1,1,1,1,1,1,0,1,0,0,1,0,0,1
471,472,1,0,0,1,0,1,0,0,0,0,1,0,0,0,1,1,0,1,0,0
472,473,1,1,1,0,0,0,0,1,0,1,1,1,0,0,1,0,0,1,0,1
473,474,1,0,1,0,0,0,1,1,0,0,0,1,1,0,1,1,0,1,1,0
474,475,1,1,0,0,1,0,0,1,1,0,0,1,1,1,0,0,1,1,0,1
475,476,1,0,1,1,0,1,0,1,0,1,0,0,1,0,0,0,1,0,1,1
476,477,1,1,1,1,0,0,1,0,1,1,0,1,0,0,0,0,1,1,1,0
477,478,0,1,0,0,1,1,0,1,1,0,0,0,1,0,1,0,1,0,0,1
478,479,0,0,0,0,1,0,0,0,1,0,0,0,1,0,1,1,1,0,1,0
479,480,0,1,0,1,1,1,1,0,1,1,1,1,0,0,1,1,0,1,0,0
480,481,1,0,1,1,0,1,0,0,1,0,1,1,1,1,1,0,1,0,1,0
481,482,0,0,0,0,0,0,1,1,0,1,1,1,1,0,0,0,0,0,0,0
482,483,0,0,1,1,0,0,0,0,0,1,1,0,1,0,1,0,0,1,0,0
483,484,1,0,1,1,1,1,1,0,1,1,1,0,0,1,0,0,1,0,1,1
484,485,1,0,1,0,0,1,0,0,0,1,1,1,0,1,1,0,0,0,1,1
485,486,1,1,0,1,1,1,1,0,0,1,0,1,0,0,0,1,1,1,0,1
486,487,0,0,1,1,0,0,1,0,1,1,0,1,1,0,0,1,1,1,0,1
487,488,1,1,0,1,1,1,0,0,1,0,0,1,0,1,1,1,1,0,1,1
488,489,1,1,1,1,1,0,0,1,0,1,0,0,1,0,0,0,1,1,0,0
489,490,0,1,0,1,0,0,0,0,1,1,1,1,1,0,1,1,0,0,1,0
490,491,0,1,1,1,0,0,0,0,1,1,0,0,1,0,1,0,1,1,0,0
491,492,1,0,0,0,0,1,1,1,1,0,1,1,1,0,1,0,0,0,1,1
492,493,1,0,0,1,1,0,1,1,0,0,0,1,1,1,0,1,1,1,0,1
493,494,0,1,0,0,0,0,0,0,0,0,0,0,1,1,0,1,0,0,1,1
494,495,1,1,0,0,1,1,0,0,1,0,1,0,1,1,1,0,1,0,0,0
495,496,0,0,0,0,1,1,0,0,1,0,1,1,1,0,0,1,0,1,0,0
496,497,0,1,1,0,1,1,0,0,1,0,0,0,0,0,1,1,1,0,0,1
497,498,0,0,0,1,1,0,0,0,0,0,1,0,0,0,1,1,0,0,0,1
498,499,0,1,1,0,1,0,1,1,0,0,0,1,0,1,1,1,1,0,0,0
499,500,1,1,1,1,0,1,1,0,1,1,0,0,1,0,1,0,1,1,0,1
500,501,1,0,0,0,0,1,1,0,0,1,0,1,1,1,1,1,0,1,1,0
501,502,0,0,1,1,1,0,1,1,0,1,1,1,1,1,0,0,0,1,0,1
502,503,1,1,1,0,1,1,0,0,0,1,0,0,1,0,0,1,0,1,0,1
503,504,1,0,0,1,1,1,0,0,0,0,1,0,0,1,1,0,1,1,1,1
504,505,0,1,0,0,0,1,1,1,1,0,1,1,0,0,1,0,1,0,0,1
505,506,1,0,0,0,0,1,0,0,1,0,1,1,1,1,1,0,1,0,1,0
506,507,1,0,0,0,0,1,0,1,1,0,1,1,1,0,1,0,0,0,1,0
507,508,1,0,1,0,1,0,0,1,1,1,1,0,1,1,1,1,1,0,0,0
508,509,0,0,0,1,0,0,1,0,1,1,0,1,1,0,0,0,1,1,1,0
509,510,0,0,0,1,1,0,1,0,0,0,0,0,0,0,0,1,0,1,0,0
510,511,0,0,0,1,0,1,0,0,1,0,1,1,0,1,0,1,0,0,0,0
511,512,0,1,0,0,0,1,0,1,0,1,1,1,1,1,1,0,1,1,1,1
512,513,0,0,0,0,0,1,0,1,1,0,1,1,0,0,1,0,0,1,0,0
513,514,0,1,1,1,0,0,0,1,1,0,1,0,0,0,0,0,1,0,1,1
514,515,1,1,1,1,1,0,0,1,0,1,1,1,0,1,0,0,0,0,0,0
515,516,0,0,0,1,0,1,1,1,0,0,1,1,0,1,1,1,0,1,0,1
516,517,1,1,1,1,1,1,0,1,0,1,1,1,1,1,1,0,1,1,0,1
517,518,1,0,1,0,1,0,0,0,0,0,0,0,1,0,1,0,1,1,0,1
518,519,0,1,1,0,1,0,0,1,0,1,1,1,1,0,0,1,1,0,1,0
519,520,0,0,0,0,0,0,1,0,0,0,0,0,1,0,0,0,1,1,1,0
520,521,1,0,1,0,1,1,1,1,1,0,0,0,1,1,1,1,0,0,0,1
521,522,1,1,1,0,1,1,0,1,1,0,1,1,1,0,1,0,1,1,0,1
522,523,1,1,0,1,0,1,1,1,1,1,0,1,0,0,1,0,1,0,0,1
523,524,1,1,0,1,1,0,1,1,1,0,0,1,1,1,0,0,0,0,0,0
524,525,1,0,1,1,0,0,1,1,1,1,1,1,0,1,0,0,0,1,0,0
525,526,0,0,1,0,0,1,0,0,0,1,0,0,1,0,0,0,1,0,0,1
526,527,1,1,1,0,0,1,0,1,1,0,1,0,1,1,0,1,1,1,0,0
527,528,0,1,1,1,0,1,0,0,1,0,1,1,0,1,0,1,0,0,1,0
528,529,0,0,0,1,1,1,0,1,1,0,1,1,0,1,1,1,1,1,0,1
529,530,1,0,1,1,0,1,1,0,1,0,1,1,1,1,1,1,0,0,0,0
530,531,0,1,0,0,0,1,1,1,0,1,0,0,1,0,1,0,1,1,0,1
531,532,0,0,0,0,0,0,1,1,0,1,1,0,0,0,1,0,0,1,1,0
532,533,0,0,1,0,0,1,0,0,1,0,0,1,0,1,1,1,0,1,1,0
533,534,1,0,0,1,0,1,0,1,1,1,1,0,1,1,0,0,0,0,0,0
534,535,0,0,0,1,1,0,1,0,1,1,1,0,0,0,0,1,0,1,1,1
535,536,0,1,0,0,1,0,0,1,0,1,1,0,1,1,0,1,0,0,0,0
536,537,1,1,0,1,0,1,0,0,1,1,1,0,1,1,0,1,0,0,0,1
537,538,1,0,0,1,0,1,0,0,1,0,0,0,0,1,1,1,1,1,0,1
538,539,1,0,0,1,1,0,1,0,1,0,1,0,1,0,0,1,1,1,0,0
539,540,1,0,0,0,1,1,1,0,1,0,0,1,1,0,1,0,1,1,1,0
540,541,0,1,0,1,0,1,0,0,1,1,1,0,1,0,1,1,1,0,1,0
541,542,0,1,1,1,1,0,1,0,0,1,1,1,1,0,0,0,0,1,0,0
542,543,0,0,1,1,1,1,0,1,0,0,1,0,0,1,1,1,0,0,1,0
543,544,0,1,0,0,0,1,0,1,0,0,0,1,1,1,1,1,1,0,1,1
544,545,1,1,1,0,0,1,1,1,0,1,1,1,0,1,1,0,1,0,1,1
545,546,1,1,1,0,1,0,0,0,0,0,1,0,0,0,1,0,0,0,1,0
546,547,0,1,0,0,0,0,0,1,0,0,0,1,0,1,1,0,0,0,1,1
547,548,1,0,1,0,1,1,0,0,0,0,0,1,0,0,1,0,1,0,1,1
548,549,0,0,1,1,1,0,1,0,1,1,0,0,1,0,1,0,1,0,1,0
549,550,1,0,0,0,0,1,0,1,0,1,1,0,1,0,1,0,1,0,1,0
550,551,0,0,1,0,1,0,1,1,1,0,1,1,0,1,1,1,0,0,1,0
551,552,0,0,1,0,1,1,1,1,0,0,0,0,1,0,0,0,1,1,1,1
552,553,0,0,0,1,0,0,0,0,1,0,0,0,1,0,0,0,0,1,1,1
553,554,0,1,1,0,0,1,1,0,0,0,1,1,1,1,1,1,0,0,0,0
554,555,1,1,1,1,0,1,1,0,0,0,0,1,0,0,1,0,1,0,0,1
555,556,1,0,1,0,1,0,1,0,0,1,1,0,0,0,1,1,0,1,0,0
556,557,0,1,1,0,1,0,1,0,0,1,0,0,0,1,1,1,1,1,1,1
557,558,1,0,0,0,0,1,1,0,0,1,1,1,1,1,1,0,1,0,1,0
558,559,0,0,1,1,1,1,0,0,1,1,0,1,0,1,1,1,0,0,0,0
559,560,0,1,0,1,1,1,0,0,0,1,0,0,1,0,0,0,0,1,1,1
560,561,0,0,1,0,0,1,1,1,0,1,1,1,0,1,1,1,0,1,0,0
561,562,1,0,0,1,1,1,1,1,1,0,1,0,1,1,0,1,0,1,1,0
562,563,1,1,1,1,1,0,1,1,0,1,0,0,0,0,0,1,1,1,0,0
563,564,1,0,0,0,0,1,1,1,0,1,0,0,0,1,1,0,0,0,0,1
564,565,1,0,1,0,1,0,1,1,0,0,0,1,0,0,1,1,0,1,0,0
565,566,1,0,0,0,0,0,0,0,1,0,1,1,1,0,0,0,1,0,0,1
566,567,0,0,1,0,1,1,0,1,1,0,0,0,0,1,1,0,1,1,0,1
567,568,1,0,1,0,1,0,1,1,1,1,0,1,0,0,1,1,0,1,1,0
568,569,1,1,1,0,0,1,1,0,1,0,0,1,0,0,1,1,0,0,1,1
569,570,1,1,1,0,1,1,1,1,1,1,0,1,0,1,0,0,0,0,1,1
570,571,1,0,1,0,1,0,1,1,1,1,0,0,1,1,0,0,1,0,0,0
571,572,1,0,0,0,0,0,1,1,1,0,1,0,1,0,0,0,0,0,1,0
572,573,1,1,0,0,1,0,1,1,0,0,1,0,0,1,1,1,1,0,0,1
573,574,0,0,0,1,1,1,1,0,0,1,1,0,1,0,1,0,1,0,0,1
574,575,1,0,0,1,1,0,1,0,1,0,0,1,1,0,0,1,1,1,1,0
575,576,0,1,1,1,0,1,0,1,1,0,1,1,1,0,1,1,0,0,1,1
576,577,1,1,1,0,1,1,0,0,1,0,0,0,1,0,0,0,0,0,0,0
577,578,1,0,0,1,0,0,1,1,0,0,1,0,0,0,1,0,1,1,0,1
578,579,1,1,0,1,0,0,1,0,1,1,0,1,1,1,1,1,0,0,1,1
579,580,0,0,0,0,1,0,0,0,0,0,0,0,1,0,1,1,0,0,0,1
580,581,0,0,1,0,0,0,1,1,1,1,1,1,1,1,1,1,1,1,1,0
581,582,1,0,1,1,1,0,1,1,1,1,0,1,0,0,1,0,0,0,0,0
582,583,0,0,0,0,1,0,0,1,0,1,0,1,1,0,1,1,1,1,0,0
583,584,0,0,0,0,1,1,0,0,0,1,1,1,0,1,0,0,1,0,0,0
584,585,0,0,0,1,0,0,0,1,1,0,0,1,0,1,0,1,1,0,1,1
585,586,1,0,0,1,1,0,1,0,1,0,0,1,1,0,1,0,1,1,0,1
586,587,1,0,0,1,1,0,1,1,1,1,0,0,0,0,0,0,1,1,0,0
587,588,0,0,0,1,0,1,0,1,1,1,1,1,0,0,0,1,1,1,0,0
588,589,1,1,0,1,0,1,1,1,0,1,0,1,0,0,1,0,1,0,1,1
589,590,0,0,1,1,1,1,0,1,1,1,1,1,0,0,0,0,1,0,0,1
590,591,0,0,0,1,0,0,0,0,1,1,1,1,0,0,0,1,1,0,0,0
591,592,1,1,0,1,0,1,1,0,1,0,0,1,0,1,0,0,0,0,0,1
592,593,0,1,1,0,1,0,0,0,1,1,0,1,1,1,0,1,0,1,1,0
593,594,0,1,0,1,1,1,1,0,1,0,1,1,0,1,1,1,0,0,1,1
594,595,1,1,1,0,1,0,1,1,0,1,0,1,0,0,0,1,1,1,0,1
595,596,1,0,0,1,0,1,1,1,0,1,0,0,1,1,0,1,1,0,0,0
596,597,1,1,0,1,1,0,1,0,1,1,0,0,0,1,1,1,0,0,1,1
597,598,1,1,1,1,1,1,1,0,1,0,0,1,1,1,1,1,0,1,0,1
598,599,1,0,0,1,1,0,0,1,1,1,1,0,0,0,1,1,1,1,0,0
599,600,1,1,1,0,0,0,1,1,1,0,1,0,1,1,1,0,0,1,0,0
600,601,0,0,1,0,1,0,1,0,1,0,0,1,0,0,1,0,1,0,0,0
601,602,1,0,0,1,0,0,0,0,1,1,0,0,1,1,1,1,1,0,1,0
602,603,0,1,0,1,1,1,1,1,0,1,0,1,0,1,0,0,1,0,1,0
603,604,0,0,0,0,0,1,0,0,0,0,1,0,0,0,1,1,1,1,1,1
604,605,1,0,0,1,1,1,0,0,0,0,0,0,0,0,1,0,1,1,1,0
605,606,1,0,0,0,1,0,0,1,0,0,1,0,1,1,1,0,0,1,1,0
606,607,0,1,1,1,1,0,1,0,0,1,0,1,1,1,0,1,0,1,1,0
607,608,1,0,1,1,1,0,0,0,1,0,0,1,1,1,0,0,1,1,0,1
608,609,0,0,0,0,0,1,0,0,0,0,1,1,0,1,1,0,0,1,0,0
609,610,1,1,1,1,1,0,1,1,0,0,1,1,1,1,1,1,1,0,1,0
610,611,1,0,1,0,0,0,0,1,1,0,1,1,0,0,0,1,1,1,1,1
611,612,1,1,0,0,1,1,1,0,0,0,1,1,0,0,0,1,1,0,1,0
612,613,0,1,0,0,0,0,0,0,1,0,0,1,1,0,0,0,1,0,1,0
613,614,0,1,0,1,0,1,0,1,0,0,0,0,1,1,1,0,0,0,1,0
614,615,1,0,1,1,1,0,0,1,0,1,1,1,1,0,1,0,0,0,0,0
615,616,1,1,0,0,1,0,0,0,1,1,1,0,1,0,0,1,1,0,1,1
616,617,1,1,1,0,1,0,0,0,1,0,0,1,1,0,0,0,0,1,0,1
617,618,0,1,1,0,0,0,0,0,0,1,1,1,1,0,1,1,0,0,0,0
618,619,1,0,1,0,1,0,1,1,0,1,1,0,0,0,1,1,1,1,0,1
619,620,0,0,0,1,1,1,1,1,0,1,1,1,1,1,1,0,0,1,1,0
620,621,1,0,1,1,0,1,1,1,1,1,1,0,0,1,1,0,1,1,0,1
621,622,0,1,1,0,0,1,1,1,0,0,0,0,0,0,0,1,0,0,0,1
622,623,1,0,0,0,1,0,1,0,1,1,1,1,0,0,0,0,0,1,0,0
623,624,0,1,1,1,0,1,0,0,0,1,0,1,1,1,0,0,1,0,0,0
624,625,1,1,1,0,1,0,1,1,0,0,1,0,1,1,1,0,0,0,1,0
625,626,1,0,1,1,0,0,1,1,0,1,1,0,0,0,1,0,1,1,0,0
626,627,1,0,1,1,0,0,0,0,0,0,0,0,0,0,1,0,1,0,1,1
627,628,0,0,1,1,0,1,0,0,1,1,0,0,0,1,0,0,1,1,1,1
628,629,1,1,0,1,1,1,1,1,1,0,1,0,1,0,0,0,1,0,0,0
629,630,1,1,0,1,0,1,1,0,1,1,1,1,1,0,1,1,1,1,0,0
630,631,1,1,1,0,1,0,1,1,1,0,0,0,0,0,0,0,1,0,1,1
631,632,0,0,1,0,1,0,0,0,1,0,0,0,1,0,0,1,0,1,0,1
632,633,0,1,1,0,0,0,1,1,1,0,0,0,0,1,1,1,0,1,0,1
633,634,1,0,1,0,0,0,0,1,0,1,1,0,0,0,0,0,1,1,0,0
634,635,1,0,1,1,0,0,0,1,0,1,0,0,1,0,1,0,1,1,1,1
635,636,1,1,0,1,0,0,0,1,1,1,1,0,0,1,1,0,0,0,1,1
636,637,1,1,0,0,1,1,1,0,0,0,0,0,1,1,0,0,0,1,1,1
637,638,1,0,0,1,1,1,0,1,0,0,0,0,1,0,0,0,0,0,0,1
638,639,0,0,1,0,0,0,0,1,0,1,1,1,0,1,0,1,1,1,0,0
639,640,0,0,1,1,1,0,0,1,1,0,0,0,0,1,0,0,0,1,0,0
640,641,1,1,1,1,0,0,1,1,0,1,1,1,1,1,1,0,0,0,0,0
641,642,0,1,1,0,1,0,0,0,0,0,1,1,1,0,0,1,0,1,0,1
642,643,1,0,0,0,0,1,1,1,0,1,1,0,0,1,0,1,1,1,1,1
643,644,0,1,0,1,1,0,1,0,0,1,1,0,0,0,1,1,1,0,1,1
644,645,0,0,0,0,1,1,0,1,1,1,0,0,1,1,0,0,1,0,1,1
645,646,1,0,0,1,1,0,1,0,0,0,1,1,0,1,1,1,0,0,1,1
646,647,1,0,1,1,0,0,1,0,0,1,0,1,0,0,1,1,1,0,1,0
647,648,0,1,1,0,0,1,1,0,0,0,0,1,0,1,0,1,0,0,0,0
648,649,0,1,0,1,0,1,1,0,0,0,0,0,0,1,0,0,0,0,1,0
649,650,1,1,1,0,1,1,1,1,0,1,1,0,0,1,1,1,1,1,0,1
650,651,0,1,1,0,1,1,1,1,0,0,0,1,0,1,1,1,0,0,1,1
651,652,0,0,1,1,1,0,1,1,1,0,0,0,0,1,1,0,1,1,0,0
652,653,1,0,0,1,1,1,1,1,0,0,0,1,1,1,1,1,1,1,1,0
653,654,1,0,1,0,0,1,0,0,1,1,0,0,1,1,1,1,0,1,1,0
654,655,1,0,0,0,0,1,1,0,0,0,0,0,0,0,1,0,0,1,1,0
655,656,1,0,0,1,1,1,1,1,0,0,0,1,0,1,1,1,0,0,1,0
656,657,0,0,0,0,0,1,0,0,0,0,1,0,1,0,0,1,1,0,1,1
657,658,0,0,1,1,0,1,0,1,1,0,1,1,1,0,0,1,1,1,1,1
658,659,0,0,0,1,1,1,0,1,1,1,0,1,0,1,1,0,1,1,0,0
659,660,1,1,1,1,1,0,0,1,0,0,1,0,0,0,0,0,1,0,1,1
660,661,0,1,1,1,0,0,1,0,1,1,1,1,1,1,0,1,0,1,0,1
661,662,1,0,0,0,1,0,1,0,0,0,0,0,1,1,0,1,1,0,1,1
662,663,1,1,1,0,0,0,1,1,1,1,0,0,1,0,0,1,0,0,1,1
663,664,1,0,1,1,0,1,0,1,0,1,0,0,0,0,1,0,0,0,1,1
664,665,0,1,1,1,0,0,0,0,1,1,0,1,0,1,1,1,0,1,0,0
665,666,0,1,1,1,1,1,1,0,1,0,0,1,1,1,0,1,1,0,0,1
666,667,1,0,1,1,1,0,1,0,1,0,1,0,0,0,1,0,0,1,1,0
667,668,0,1,0,1,0,1,0,1,1,1,0,0,0,0,0,1,0,1,1,0
668,669,1,0,0,1,0,0,0,0,1,0,0,1,1,1,0,0,1,1,0,1
669,670,0,0,0,0,0,1,0,0,1,0,0,0,1,0,1,1,0,1,0,0
670,671,1,0,1,0,0,1,1,1,0,0,0,0,1,1,0,0,0,1,0,0
671,672,0,1,0,0,0,1,1,1,0,1,0,0,1,0,0,1,0,0,0,1
672,673,0,0,0,0,1,1,0,1,0,1,1,0,0,0,1,1,0,1,0,1
673,674,0,0,1,1,1,0,0,1,0,1,0,1,0,1,0,1,0,0,1,0
674,675,0,1,1,0,1,0,0,0,1,0,1,0,1,1,0,1,1,0,0,0
675,676,1,1,1,0,0,0,1,1,1,0,0,0,1,1,0,1,0,0,1,1
676,677,0,1,0,0,0,1,0,1,1,0,1,0,0,0,1,1,0,1,0,1
677,678,1,1,1,0,1,0,1,0,0,0,1,0,0,1,0,1,1,0,1,0
678,679,0,0,1,1,1,1,0,0,1,0,1,0,0,1,1,0,1,1,0,1
679,680,1,0,1,0,1,0,1,1,0,0,0,0,0,0,1,1,0,0,1,1
680,681,0,0,1,0,0,0,0,1,1,1,0,0,0,1,0,0,0,0,0,0
681,682,0,0,0,0,1,1,1,1,0,0,1,1,1,0,1,0,0,0,1,0
682,683,0,1,1,1,0,1,1,0,0,0,0,0,0,0,1,0,1,1,1,1
683,684,1,1,0,1,1,0,1,0,1,1,1,0,1,1,0,1,0,0,1,0
684,685,0,1,1,0,0,0,0,1,1,0,1,0,0,0,1,1,1,0,0,1
685,686,1,1,0,0,0,1,1,0,1,1,1,0,0,1,1,0,0,0,1,1
686,687,0,0,1,0,0,0,0,1,0,1,0,0,1,0,0,0,1,1,1,1
687,688,0,1,1,1,0,1,0,0,1,1,0,0,0,0,1,1,0,1,0,0
688,689,1,1,0,0,0,1,0,1,0,0,1,1,0,0,0,0,0,1,1,1
689,690,0,1,0,0,1,1,1,0,1,1,0,0,1,0,1,1,0,0,0,0
690,691,0,0,0,0,0,0,0,1,0,1,0,0,1,1,0,1,1,1,0,1
691,692,0,1,1,1,0,0,1,0,0,1,1,0,1,0,0,0,0,1,0,0
692,693,0,1,1,1,1,1,0,1,1,0,1,0,0,1,1,1,1,1,0,0
693,694,0,1,0,0,1,1,1,1,1,1,1,1,1,1,0,1,1,0,1,1
694,695,0,1,0,1,0,0,0,1,0,0,1,0,0,0,0,1,1,0,0,1
695,696,0,1,0,1,0,0,1,1,1,0,1,0,0,1,1,0,1,1,0,1
696,697,1,0,0,0,1,0,0,0,0,1,0,0,1,1,1,1,1,1,1,0
697,698,0,0,1,0,0,1,0,0,0,0,0,0,0,1,1,1,0,0,0,0
698,699,0,0,0,0,0,0,0,1,0,1,1,1,1,1,1,0,0,1,1,0
699,700,1,0,1,1,0,0,1,1,0,1,0,1,1,1,1,0,0,0,0,0
700,701,0,0,1,0,1,1,0,0,0,0,0,1,1,0,0,1,1,0,1,0
701,702,1,0,1,1,0,0,0,1,0,0,0,1,0,1,1,0,1,1,0,1
702,703,1,1,1,0,1,0,0,1,1,1,1,1,1,0,0,0,1,1,1,1
703,704,0,1,1,0,1,0,1,1,0,0,0,0,0,0,0,0,1,0,1,0
704,705,0,0,0,0,0,1,0,1,1,1,1,0,1,1,0,0,0,0,1,1
705,706,0,0,1,0,1,0,0,0,0,0,1,1,0,1,0,0,0,0,0,0
706,707,0,0,0,0,0,1,0,0,0,0,1,0,0,0,1,0,0,0,0,1
707,708,1,1,1,1,1,0,1,1,0,1,1,0,1,1,1,0,1,0,0,0
708,709,1,1,0,1,1,1,0,1,0,0,0,1,0,0,1,1,1,0,0,1
709,710,1,1,1,1,0,1,1,0,1,0,1,0,0,0,1,1,1,1,0,0
710,711,0,0,0,1,1,0,1,0,0,0,1,0,0,0,1,1,1,1,0,1
711,712,0,1,0,0,1,0,0,1,1,0,0,1,0,0,0,0,0,0,0,0
712,713,1,0,1,0,0,0,0,0,0,1,1,1,0,1,0,0,1,0,1,0
713,714,1,0,1,1,0,0,0,1,0,0,0,1,1,1,0,0,1,1,0,1
714,715,0,1,0,0,0,0,1,0,1,0,0,1,0,1,1,1,1,0,0,0
715,716,0,1,1,1,0,0,0,0,0,1,1,0,1,1,0,1,0,0,0,1
716,717,0,1,1,0,1,0,0,0,1,0,0,1,0,0,0,1,0,1,0,0
717,718,0,1,1,0,0,0,1,0,0,0,1,1,1,0,0,0,0,1,1,1
718,719,0,1,0,1,0,0,1,1,1,0,1,0,0,1,1,0,1,1,0,0
719,720,1,0,1,1,1,0,0,1,0,1,1,0,1,0,1,1,1,0,1,1
720,721,0,0,1,1,0,1,1,0,1,1,1,0,0,1,1,1,1,1,1,0
721,722,1,0,0,0,1,1,0,0,0,0,1,0,1,1,1,0,1,0,1,1
722,723,0,0,0,1,1,0,1,0,1,1,0,0,0,1,0,1,1,1,1,0
723,724,1,1,0,1,1,1,1,1,0,1,0,1,0,1,0,1,0,1,1,1
724,725,0,0,0,0,0,0,1,0,1,1,0,1,0,1,0,1,1,0,0,1
725,726,0,1,0,0,1,1,1,1,0,0,1,0,0,0,0,0,0,0,0,1
726,727,0,1,0,0,1,0,1,1,1,0,1,0,0,0,0,1,1,1,1,1
727,728,0,1,1,1,0,1,1,0,1,1,1,0,1,1,0,1,0,0,1,1
728,729,1,1,0,1,1,1,1,0,0,1,1,0,1,1,0,1,0,1,0,1
729,730,0,1,0,0,0,1,1,1,1,0,1,0,1,1,1,1,1,1,1,1
730,731,1,1,1,0,1,1,0,0,0,0,0,1,1,1,0,0,0,1,0,0
731,732,1,1,1,0,0,0,1,0,0,0,0,0,0,1,0,1,0,1,1,1
732,733,1,1,0,0,1,0,1,1,0,1,1,1,0,0,1,1,0,1,1,0
733,734,1,0,0,1,1,1,1,0,1,0,0,0,1,0,0,1,0,1,1,1
734,735,1,1,0,0,1,1,0,1,1,1,1,1,1,0,1,0,0,1,1,0
735,736,0,0,0,0,0,0,1,1,1,0,1,0,0,1,1,1,0,0,1,0
736,737,0,1,1,1,0,1,1,1,0,0,0,1,0,1,1,1,0,1,1,0
737,738,1,0,1,1,1,0,0,0,1,0,0,0,1,0,0,0,0,0,0,1
738,739,1,1,1,0,0,0,0,1,1,0,1,1,0,1,0,0,1,1,1,1
739,740,0,0,0,0,0,0,0,0,1,1,1,0,0,1,1,1,1,1,0,1
740,741,1,1,1,0,0,1,0,0,0,0,1,0,0,0,1,1,1,0,1,0
741,742,1,0,0,0,1,1,0,1,1,0,0,0,1,0,0,0,0,1,0,0
742,743,0,0,0,1,0,0,1,1,0,0,0,1,0,0,0,0,0,0,0,0
743,744,0,1,1,1,1,0,0,0,0,1,1,0,0,0,0,1,1,1,1,1
744,745,0,0,0,0,1,1,1,1,1,0,0,0,0,0,0,1,0,0,0,1
745,746,0,1,1,0,1,0,0,1,0,0,1,0,0,1,0,1,0,1,1,0
746,747,0,1,0,0,1,0,0,1,0,1,1,1,0,0,0,0,0,1,0,0
747,748,0,1,0,0,0,0,0,1,1,0,1,1,1,1,0,0,0,1,1,0
748,749,1,0,1,0,0,1,0,1,1,1,1,0,0,0,0,0,0,1,1,0
749,750,1,1,1,0,1,1,1,0,0,0,0,1,0,0,0,1,1,1,0,0
750,751,0,1,0,0,0,0,1,1,1,1,0,0,0,0,0,0,1,0,1,0
751,752,0,0,0,0,0,1,0,0,1,1,1,0,0,0,1,1,1,1,0,0
752,753,0,0,0,0,0,1,0,0,1,1,1,0,0,1,1,1,1,1,0,0
753,754,1,1,0,0,1,1,0,1,1,0,1,1,1,1,0,1,0,0,0,0
754,755,1,0,0,0,0,0,0,0,0,1,0,1,1,0,1,1,0,0,0,1
755,756,0,0,1,1,1,0,0,1,0,1,0,1,0,0,1,1,1,0,0,0
756,757,0,1,0,1,1,1,0,1,0,0,0,0,1,1,1,0,1,0,0,0
757,758,1,1,1,1,0,0,0,1,0,1,1,0,0,1,0,1,1,0,0,1
758,759,1,0,1,1,1,0,0,1,1,1,1,0,1,1,0,0,0,1,0,0
759,760,1,1,0,0,0,1,1,0,0,0,1,0,0,0,1,1,1,1,0,0
760,761,1,1,1,1,1,0,0,0,0,0,1,1,0,1,0,1,0,0,0,0
761,762,0,1,1,1,0,0,1,1,1,0,1,0,1,0,1,1,0,1,1,1
762,763,1,0,1,1,1,0,1,1,1,1,0,1,1,1,0,0,1,0,0,1
763,764,0,1,0,0,0,0,0,0,1,0,0,0,0,0,1,1,1,0,0,1
764,765,1,0,0,1,0,0,1,1,1,0,0,1,1,0,0,0,0,0,1,0
765,766,1,0,0,1,1,1,0,1,1,0,1,0,1,1,0,1,1,1,1,0
766,767,0,0,0,0,1,0,0,1,0,1,1,1,0,0,0,1,0,1,0,1
767,768,0,1,1,0,0,1,0,1,1,1,1,1,0,0,0,0,0,0,0,0
768,769,0,0,1,1,0,1,1,1,0,1,0,1,0,0,0,0,0,0,1,0
769,770,0,0,0,0,1,0,0,1,0,0,1,0,1,0,0,0,1,0,1,1
770,771,1,1,0,0,0,1,1,0,0,0,1,1,0,0,1,1,0,1,1,0
771,772,1,1,1,1,0,1,1,0,1,1,1,1,0,0,1,0,1,1,1,1
772,773,1,0,1,1,0,1,0,1,1,1,0,1,0,1,0,0,0,1,1,0
773,774,1,1,0,1,0,0,0,0,0,0,0,0,0,0,0,1,1,1,1,1
774,775,1,1,0,0,0,0,0,0,1,1,1,0,1,1,0,1,1,0,1,0
775,776,0,0,1,1,1,0,1,1,0,1,0,0,0,1,0,0,0,0,1,1
776,777,1,1,0,1,0,0,0,0,1,0,1,1,0,1,1,0,1,1,1,0
777,778,0,0,0,0,0,1,0,0,1,1,0,0,1,1,1,1,0,1,0,1
778,779,0,1,1,1,0,1,1,0,1,1,0,0,1,0,0,1,0,1,0,1
779,780,0,1,1,1,1,1,0,0,0,0,1,1,1,0,0,0,1,0,1,1
780,781,0,0,0,1,0,0,1,1,0,1,1,0,1,1,0,1,1,1,0,0
781,782,0,0,1,0,0,1,0,1,0,0,0,0,1,0,0,1,1,1,1,0
782,783,0,0,0,0,1,1,1,1,0,0,0,1,1,1,0,1,0,0,0,0
783,784,1,0,0,1,0,0,1,1,0,1,1,1,0,0,0,1,0,1,1,1
784,785,0,0,1,1,0,0,1,1,1,0,1,1,0,0,0,0,0,0,1,0
785,786,1,0,1,0,0,0,1,1,1,1,1,0,0,1,1,0,1,0,0,0
786,787,0,1,1,0,0,1,0,1,0,0,1,0,0,1,0,1,0,1,0,0
787,788,1,0,0,1,1,1,1,1,1,1,0,1,1,0,1,0,1,0,1,0
788,789,1,1,1,1,0,0,1,0,1,0,1,1,1,1,0,1,0,0,0,0
789,790,1,0,1,1,1,1,1,0,0,0,1,1,1,0,1,0,0,1,0,1
790,791,0,1,1,0,1,0,1,0,1,1,0,0,0,0,1,1,0,0,0,0
791,792,1,1,0,1,1,1,1,1,0,1,0,0,1,0,0,0,1,0,1,1
792,793,0,0,1,0,0,1,1,0,0,1,1,1,1,1,0,0,0,1,0,1
793,794,1,1,0,0,0,1,0,0,1,1,0,1,1,0,1,0,1,0,0,1
794,795,0,1,0,1,0,0,0,1,1,0,0,1,1,1,0,0,0,0,1,0
795,796,1,1,0,1,0,0,0,0,1,1,1,0,1,0,1,1,1,1,1,1
796,797,1,1,1,1,0,0,0,0,0,1,0,0,0,1,1,0,0,0,1,0
797,798,0,1,0,1,0,1,1,0,1,1,1,0,0,1,0,0,0,0,1,0
798,799,1,0,1,1,0,0,0,1,1,1,1,1,0,0,0,1,0,0,1,0
799,800,1,0,1,1,1,0,1,0,1,0,0,1,0,0,1,1,0,0,1,0
800,801,0,1,0,0,0,0,0,0,1,0,1,1,1,0,1,1,0,0,0,0
801,802,1,1,1,1,0,0,1,0,1,1,0,1,0,1,0,1,0,0,1,0
802,803,1,0,1,0,0,0,1,1,0,0,1,1,0,0,1,0,0,0,1,0
803,804,1,0,1,1,0,1,0,1,1,0,1,0,1,0,0,0,0,0,0,1
804,805,1,0,0,1,1,1,0,1,0,0,0,0,1,0,0,0,1,1,0,1
805,806,1,1,1,1,1,0,1,1,0,0,0,0,1,1,0,0,1,0,1,1
806,807,1,1,0,0,1,0,1,1,1,0,1,0,1,0,0,1,1,1,0,1
807,808,0,1,0,1,1,0,0,1,1,0,0,1,0,0,1,1,0,1,0,1
808,809,1,0,0,0,1,0,0,1,0,1,1,1,1,0,0,0,1,0,1,0
809,810,0,1,1,1,0,1,0,0,0,1,0,0,0,0,1,0,1,1,0,1
810,811,0,1,0,0,1,1,0,1,0,1,1,1,0,0,1,1,0,0,1,1
811,812,1,0,0,1,1,1,1,1,1,1,1,1,1,0,0,1,1,1,1,0
812,813,1,0,0,0,0,0,1,1,1,1,1,0,1,0,0,1,1,1,0,0
813,814,1,1,1,0,0,0,0,0,1,0,0,1,1,1,1,1,1,1,1,1
814,815,1,0,0,1,1,0,0,0,0,1,1,0,1,0,1,1,1,1,1,1
815,816,1,0,0,0,1,1,0,0,1,0,0,0,1,0,1,0,0,1,0,1
816,817,0,1,1,1,1,0,0,1,0,1,0,1,1,0,0,1,0,0,0,1
817,818,1,0,1,0,1,0,0,1,0,0,1,0,0,1,1,1,0,0,0,0
818,819,1,1,1,1,0,1,0,0,1,1,1,0,0,1,1,1,1,1,0,0
819,820,0,1,0,0,1,1,1,1,1,0,1,1,0,1,1,1,1,1,1,0
820,821,0,0,1,0,1,1,1,1,0,0,0,0,0,0,1,1,0,0,1,1
821,822,0,1,0,0,1,1,1,1,1,0,0,0,0,0,0,1,0,0,0,0
822,823,0,0,0,0,1,1,1,0,0,1,1,1,0,0,0,1,1,0,1,1
823,824,1,0,1,1,1,0,0,1,0,1,0,0,1,1,1,0,0,1,1,1
824,825,0,1,0,0,1,0,0,0,1,1,0,0,1,1,0,1,0,0,1,1
825,826,1,0,1,0,1,0,0,1,1,0,1,1,1,1,1,1,0,0,0,1
826,827,1,1,0,1,0,0,1,0,1,1,1,0,1,1,0,1,0,1,0,1
827,828,1,0,0,1,1,1,1,1,1,1,0,0,0,0,1,0,1,0,0,0
828,829,0,0,0,0,0,0,1,1,0,1,1,1,0,0,1,0,0,0,0,1
829,830,1,0,1,1,0,1,0,0,0,0,0,1,1,0,1,1,0,0,1,1
830,831,1,1,0,1,1,0,1,1,0,1,1,0,1,1,1,1,0,0,0,1
831,832,1,1,1,0,1,1,1,0,1,0,1,1,0,1,1,0,1,0,1,0
832,833,0,0,0,1,0,0,0,1,1,0,1,0,1,0,0,0,1,1,1,0
833,834,1,1,0,1,0,0,1,0,0,0,1,0,0,1,1,0,1,0,0,0
834,835,0,1,0,0,1,0,1,1,1,0,0,1,0,0,1,0,0,1,0,1
835,836,1,1,1,0,0,1,0,0,0,0,1,0,1,0,1,1,1,0,1,0
836,837,1,0,1,1,1,1,0,0,0,0,0,0,1,1,1,1,0,1,1,1
837,838,0,1,0,1,0,1,0,0,0,0,1,1,0,0,1,0,0,0,0,1
838,839,0,0,0,1,0,0,0,1,0,1,0,0,0,1,1,1,1,0,0,1
839,840,0,0,1,1,1,0,0,1,1,1,1,0,1,1,0,0,0,0,1,1
840,841,1,1,1,1,0,1,1,0,0,1,0,0,0,0,1,0,0,1,0,0
841,842,1,1,0,0,0,1,0,0,0,0,1,0,0,1,0,0,0,0,1,1
842,843,0,1,1,0,1,1,0,0,1,1,0,0,0,1,0,0,1,0,0,0
843,844,1,1,1,1,0,1,0,0,1,0,0,0,0,1,0,1,0,0,0,0
844,845,1,0,1,0,0,0,1,1,1,0,1,1,1,1,1,0,1,0,0,1
845,846,0,1,0,1,0,0,0,0,0,0,1,0,0,1,1,1,0,0,1,0
846,847,0,0,0,0,0,1,1,0,0,1,0,1,0,1,1,0,1,1,1,0
847,848,0,1,0,1,1,1,1,1,1,0,1,1,1,0,0,1,0,0,1,1
848,849,1,1,0,0,1,1,0,1,0,0,0,1,1,1,0,1,1,1,1,0
849,850,1,1,0,0,0,0,1,1,1,0,0,1,1,0,0,1,0,1,0,0
850,851,1,1,0,0,0,0,0,1,0,1,1,1,1,0,1,0,0,0,1,1
851,852,1,0,0,1,1,1,0,0,1,0,1,0,0,1,1,0,1,1,1,0
852,853,1,1,1,0,1,0,0,0,1,0,0,1,0,0,0,0,1,1,0,1
853,854,1,0,0,1,1,1,1,1,1,0,0,0,0,1,1,0,1,0,1,0
854,855,0,1,0,0,1,0,1,1,0,1,1,0,0,0,0,0,1,0,0,0
855,856,0,0,1,1,1,0,1,1,0,1,1,1,0,1,1,0,0,1,1,0
856,857,0,1,1,1,0,0,0,0,1,1,1,1,0,0,0,0,0,1,1,1
857,858,1,1,0,0,0,1,1,1,1,1,1,1,0,0,1,1,0,1,1,0
858,859,0,0,1,1,1,0,0,1,0,0,0,1,1,0,0,1,1,1,1,0
859,860,0,0,0,1,0,1,0,0,0,1,1,1,1,0,0,1,1,1,1,0
860,861,0,1,0,0,0,0,0,0,1,1,1,1,1,1,0,1,0,1,1,0
861,862,1,0,0,0,1,1,1,1,1,0,1,0,0,0,0,0,0,0,0,1
862,863,1,0,0,1,0,1,0,1,1,1,1,1,0,1,1,1,0,1,0,1
863,864,1,1,1,1,1,0,1,1,0,0,0,0,0,0,1,1,1,0,1,0
864,865,1,1,1,1,1,0,0,1,0,1,1,0,1,0,0,1,0,0,1,1
865,866,0,1,0,0,1,0,1,0,1,1,1,1,0,0,0,1,1,0,0,0
866,867,0,0,1,1,0,0,1,1,1,1,0,0,1,1,1,0,0,0,1,0
867,868,1,1,1,0,1,0,1,0,1,1,1,1,0,1,1,0,0,1,1,1
868,869,1,1,0,0,1,1,1,1,1,0,0,1,0,1,1,1,1,1,0,1
869,870,1,0,0,1,1,0,1,0,0,1,0,1,1,0,0,1,1,0,1,0
870,871,1,0,0,1,0,0,0,0,0,1,1,1,1,0,0,0,0,0,0,1
871,872,0,1,0,0,0,0,1,1,0,1,1,0,0,0,0,0,0,0,0,0
872,873,1,0,0,1,0,1,0,0,1,0,1,0,0,0,1,0,1,1,1,0
873,874,0,1,0,0,0,0,1,0,1,1,1,1,1,1,0,1,1,0,1,1
874,875,1,1,1,1,1,0,0,0,1,1,0,1,1,1,1,0,0,1,0,1
875,876,0,0,0,1,0,1,0,1,0,1,0,1,1,1,1,1,1,0,0,0
876,877,1,1,1,1,1,0,0,1,0,0,1,1,0,1,1,0,0,0,0,1
877,878,0,0,0,1,1,0,0,1,0,1,0,1,1,1,0,1,1,0,1,1
878,879,1,0,0,0,1,1,1,0,0,0,0,1,0,0,1,1,0,1,1,0
879,880,1,1,1,0,0,0,0,1,0,0,1,1,1,1,0,0,1,1,0,1
880,881,0,1,0,1,1,0,0,0,1,0,0,0,0,1,0,1,0,1,1,0
881,882,0,0,0,0,0,1,0,0,0,0,0,1,1,1,1,1,1,1,1,0
882,883,0,1,1,1,0,1,0,1,0,0,0,0,0,1,1,0,1,0,1,1
883,884,0,0,0,1,0,0,1,0,1,0,1,0,1,1,1,0,1,0,0,0
884,885,1,1,1,1,1,0,1,1,1,1,0,0,0,1,0,0,1,0,1,1
885,886,1,1,1,0,1,0,0,0,0,0,1,0,0,1,0,0,0,1,1,1
886,887,1,1,1,1,0,0,1,1,1,0,1,0,0,0,0,0,1,0,1,0
887,888,1,1,1,0,1,1,0,1,0,1,0,0,1,1,1,1,0,1,1,0
888,889,1,0,0,1,0,0,0,1,1,1,1,0,1,1,1,0,1,0,1,0
889,890,1,1,1,1,1,1,0,1,1,0,1,1,0,1,1,1,0,1,1,1
890,891,1,1,1,0,0,1,1,1,0,1,1,1,0,0,0,0,0,1,0,0
891,892,0,0,0,0,0,1,0,1,0,1,1,1,0,1,0,1,1,0,1,0
892,893,1,0,1,0,0,1,1,0,1,1,1,0,1,0,0,1,0,1,1,0
893,894,0,1,1,0,0,0,1,1,1,0,0,0,0,1,1,0,0,1,0,0
894,895,0,1,1,0,1,0,0,0,0,0,1,0,1,0,1,0,0,0,1,1
895,896,0,1,0,1,1,0,0,0,0,0,0,1,0,1,1,1,1,1,0,0
896,897,1,0,1,0,1,1,0,0,0,1,1,1,0,0,1,1,1,1,1,1
897,898,1,0,1,0,0,1,1,0,0,0,0,0,1,1,0,0,0,0,0,0
898,899,0,0,1,0,0,1,1,0,1,0,0,1,0,1,0,1,1,0,0,0
899,900,0,1,0,1,1,1,0,1,0,1,0,0,1,0,1,1,1,1,0,0
900,901,0,0,0,1,1,0,0,0,0,0,1,0,1,0,0,1,0,0,0,1
901,902,1,0,0,0,0,1,1,1,1,0,0,0,1,1,1,1,0,0,1,0
902,903,1,0,1,0,1,0,1,0,1,0,1,1,0,1,1,0,0,0,0,0
903,904,0,1,1,1,0,1,1,0,1,0,1,1,1,1,0,0,0,1,1,1
904,905,0,1,1,1,1,0,1,0,0,0,0,1,1,0,1,0,1,1,1,0
905,906,1,1,1,1,1,1,1,1,0,0,0,0,0,0,1,0,1,0,0,0
906,907,0,0,0,1,1,0,1,0,0,1,1,1,0,0,1,0,1,0,0,0
907,908,0,1,1,1,0,0,0,0,0,0,1,0,1,0,1,1,1,0,1,1
908,909,0,1,0,1,1,1,1,1,0,0,0,1,0,0,0,0,0,0,1,1
909,910,1,1,1,0,0,1,1,1,0,0,1,0,0,0,1,0,0,1,1,1
910,911,1,1,1,0,1,1,1,1,0,0,0,1,0,0,0,1,1,1,0,0
911,912,0,1,0,0,1,0,1,1,0,0,0,0,0,0,0,1,1,1,0,0
912,913,0,1,1,0,0,1,0,1,1,0,1,1,0,0,0,0,0,1,0,1
913,914,0,0,1,1,1,0,0,1,0,1,0,0,1,1,0,0,1,1,0,1
914,915,0,1,0,0,0,1,0,0,1,0,1,0,0,0,0,0,1,1,0,1
915,916,0,0,0,1,0,0,1,0,0,0,0,0,1,1,1,0,1,0,1,1
916,917,0,1,1,0,0,1,0,0,0,1,1,1,0,1,0,1,0,0,1,1
917,918,0,0,1,0,0,1,1,1,0,1,1,1,0,0,0,1,1,1,1,0
918,919,0,1,0,1,1,1,0,0,0,0,0,0,0,0,0,0,1,1,1,0
919,920,0,0,1,0,0,0,1,0,1,0,0,0,0,1,1,0,0,1,1,0
920,921,0,0,0,0,1,1,0,0,0,0,1,1,0,1,0,0,0,0,0,0
921,922,1,0,1,1,1,1,1,0,1,0,0,0,0,0,1,1,1,0,1,0
922,923,0,1,0,1,1,1,0,1,0,1,1,0,0,1,0,1,0,0,0,0
923,924,0,0,1,0,0,1,0,1,0,0,1,1,0,0,0,0,0,1,0,1
924,925,0,0,0,0,1,1,1,1,0,1,0,1,0,1,0,1,1,0,1,0
925,926,1,0,1,0,1,0,0,1,1,0,0,1,0,0,1,1,1,1,1,0
926,927,0,0,1,1,0,0,1,1,1,1,0,1,0,1,0,0,0,0,0,0
927,928,1,0,0,1,0,1,0,1,1,1,0,1,1,0,0,1,1,1,0,1
928,929,0,0,0,0,0,1,1,0,0,1,0,0,0,0,1,0,1,0,0,0
929,930,1,1,0,0,1,0,0,0,1,0,0,0,1,1,0,1,1,1,0,0
930,931,1,1,1,0,0,0,1,1,1,1,0,0,0,0,1,0,1,1,0,1
931,932,0,1,0,1,0,1,1,1,0,0,1,1,1,0,0,1,1,0,0,1
932,933,0,0,1,1,1,0,0,0,1,1,0,1,0,0,0,1,1,1,1,0
933,934,0,1,1,1,1,1,0,1,1,0,0,1,1,0,0,0,1,0,1,0
934,935,1,0,1,1,1,0,1,1,0,0,0,1,1,0,1,1,0,1,1,0
935,936,0,0,0,1,1,0,0,1,0,0,0,0,0,1,1,0,0,0,0,0
936,937,0,0,0,0,0,0,0,1,1,0,0,1,1,1,1,1,0,1,1,0
937,938,1,1,0,0,1,1,0,1,1,1,1,1,0,1,0,1,1,1,1,0
938,939,1,0,1,1,1,0,0,1,1,1,0,1,0,0,0,0,0,0,1,0
939,940,1,0,0,1,1,0,1,0,1,0,1,1,1,0,0,0,1,1,1,0
940,941,1,1,1,1,0,0,0,1,0,0,0,0,1,0,1,1,0,0,0,0
941,942,1,1,1,1,1,0,1,1,0,1,1,1,0,1,0,0,0,1,1,1
942,943,1,1,1,1,0,1,1,0,0,0,0,1,1,1,1,1,0,0,0,0
943,944,0,1,1,1,0,1,1,0,0,0,1,0,1,0,1,1,0,0,1,0
944,945,1,1,1,0,0,1,0,0,0,1,0,1,1,0,0,1,0,0,1,0
945,946,1,0,0,0,0,0,1,1,0,0,0,1,0,0,1,0,1,1,0,0
946,947,0,1,0,0,1,1,0,0,1,0,1,1,0,0,0,1,1,0,0,1
947,948,1,1,0,1,0,0,1,0,1,1,1,0,1,1,0,1,0,0,0,1
948,949,0,0,1,0,1,1,0,0,0,1,1,1,0,0,0,0,1,1,0,0
949,950,0,1,0,1,0,1,0,1,1,0,0,1,1,1,1,1,1,1,0,1
950,951,1,0,1,0,0,0,0,1,0,1,1,1,1,0,0,0,1,0,1,1
951,952,0,0,0,1,1,0,0,0,1,1,1,1,0,1,0,1,0,0,0,1
952,953,0,0,1,0,0,1,0,0,1,0,1,1,1,1,1,0,1,1,0,1
953,954,1,1,1,0,1,0,0,1,1,1,0,1,0,0,1,0,1,1,0,0
954,955,1,0,1,1,0,1,1,0,1,1,0,1,0,1,0,1,1,1,1,1
955,956,1,0,0,0,0,0,0,1,1,1,0,0,1,1,1,1,0,0,1,0
956,957,1,1,0,0,1,0,0,0,0,1,1,1,0,1,0,0,0,0,0,1
957,958,1,1,0,0,0,0,1,1,0,0,0,1,0,0,1,1,0,0,1,1
958,959,1,0,0,0,0,1,0,0,1,1,1,0,0,0,0,1,0,0,1,0
959,960,1,0,1,1,0,0,0,0,1,0,0,1,1,1,1,0,0,0,1,0
960,961,0,0,1,0,0,0,0,0,1,0,1,0,1,0,0,0,0,0,0,0
961,962,0,1,0,1,0,1,1,0,1,0,0,0,0,0,0,0,1,1,1,0
962,963,0,0,1,1,0,1,1,1,1,1,0,1,1,1,0,0,0,0,0,1
963,964,0,1,0,1,0,0,1,0,0,0,0,0,1,1,0,0,0,0,1,0
964,965,1,1,0,1,0,0,0,1,0,0,0,1,1,0,0,0,0,0,1,0
965,966,0,1,1,1,1,1,1,0,1,0,1,1,0,1,0,1,0,1,0,1
966,967,0,0,0,0,1,1,0,0,1,0,1,1,0,0,0,0,0,0,0,0
967,968,1,0,1,1,1,1,0,0,0,0,1,0,0,1,0,1,1,0,1,0
968,969,0,0,1,1,1,1,0,0,1,1,1,1,1,0,0,0,0,1,1,0
969,970,0,0,1,1,1,0,1,1,0,1,0,1,1,1,0,1,0,1,0,1
970,971,0,1,0,1,0,0,1,1,0,1,0,1,0,1,1,1,0,1,1,1
971,972,1,1,1,0,0,1,1,1,0,0,0,1,0,1,0,0,1,0,1,0
972,973,0,1,0,1,0,0,1,1,1,0,0,0,0,1,0,1,1,0,1,0
973,974,0,1,0,0,0,0,1,0,0,1,0,0,1,0,0,0,1,0,1,0
974,975,1,1,1,1,1,1,1,0,0,0,1,1,0,1,0,0,1,0,1,1
975,976,0,0,1,1,0,1,1,1,1,0,0,1,0,0,1,0,0,1,0,0
976,977,1,1,1,0,0,0,1,0,1,0,0,0,1,0,1,1,0,0,1,1
977,978,1,0,1,1,1,1,0,0,1,0,1,1,1,1,0,0,0,0,1,1
978,979,1,1,1,0,1,0,1,0,1,0,1,1,0,0,0,1,1,0,0,1
979,980,0,1,0,1,1,0,1,1,1,1,1,1,0,1,0,0,1,0,1,1
980,981,0,0,1,0,1,0,0,1,1,0,1,0,1,0,0,1,1,1,1,0
981,982,1,0,1,0,1,0,0,0,1,0,1,0,1,0,1,0,0,0,0,0
982,983,0,1,0,1,0,1,1,1,1,0,0,1,0,1,1,0,1,1,1,0
983,984,1,0,1,1,1,0,0,0,0,1,1,1,0,1,1,1,0,1,0,0
984,985,1,1,1,1,1,0,0,1,0,1,0,1,1,1,0,0,1,1,0,1
985,986,1,0,0,1,1,1,0,1,0,1,0,0,1,1,0,0,0,0,1,1
986,987,0,0,1,0,1,0,1,0,1,0,1,0,0,1,1,1,1,0,1,1
987,988,0,0,0,0,1,1,0,1,1,1,1,0,0,0,1,1,1,1,1,1
988,989,0,1,1,0,0,1,1,0,1,0,1,0,1,1,1,0,1,1,0,0
989,990,1,1,0,0,1,0,0,1,0,0,1,0,1,0,1,0,0,1,0,1
990,991,1,0,0,0,1,0,1,1,1,1,1,1,1,0,0,0,0,1,0,1
991,992,0,0,0,0,0,1,0,1,0,0,0,0,0,1,0,0,0,0,1,1
992,993,0,0,1,0,1,1,1,1,1,0,1,1,0,1,1,0,0,1,0,0
993,994,0,0,1,1,0,1,0,1,0,1,0,0,1,0,1,0,0,1,1,1
994,995,0,1,1,1,1,1,1,0,1,0,0,1,0,0,0,1,0,1,1,0
995,996,1,1,0,1,1,1,1,1,0,1,1,1,1,1,0,1,1,0,1,1
996,997,1,0,0,1,0,1,1,1,0,1,0,0,0,1,1,0,0,0,0,0
997,998,0,1,0,1,1,1,0,1,1,0,1,0,0,1,1,1,0,0,0,0
998,999,0,0,1,0,1,0,1,1,0,1,1,0,1,1,0,1,1,0,0,1
999,1000,0,1,1,1,1,1,0,0,0,1,1,1,1,1,1,0,0,0,0,1
1000,1001,1,1,0,1,1,0,1,1,0,0,1,1,1,1,0,1,0,0,0,1
1001,1002,1,0,0,0,0,1,1,1,1,0,1,0,1,0,1,1,0,0,0,1
1002,1003,1,1,0,1,0,1,0,1,1,1,1,0,1,1,0,0,0,0,0,1
1003,1004,0,1,0,1,0,1,1,0,0,0,0,0,1,1,0,0,0,0,1,1
1004,1005,0,1,0,0,0,1,1,1,1,0,1,1,1,1,0,0,0,1,1,0
1005,1006,1,1,0,1,0,0,1,1,0,1,0,1,1,0,0,1,1,0,0,1
1006,1007,1,0,0,0,1,1,0,1,0,0,0,0,0,1,0,1,0,1,0,1
1007,1008,1,0,0,1,0,0,0,0,1,1,1,1,0,0,1,0,0,1,1,1
1008,1009,0,0,0,1,1,1,1,0,0,1,1,0,1,1,1,0,1,1,0,1
1009,1010,1,0,0,0,0,1,1,1,0,1,1,1,0,1,0,0,1,1,0,1
1010,1011,1,0,0,0,1,1,0,1,0,1,1,1,1,1,1,1,0,0,1,0
1011,1012,0,0,0,0,0,0,1,0,0,1,0,1,0,0,0,0,0,1,1,1
1012,1013,1,1,1,0,1,0,1,0,1,0,0,0,0,0,1,0,0,1,0,0
1013,1014,0,0,0,1,0,0,1,0,1,1,0,1,1,1,1,1,1,1,0,1
1014,1015,1,0,0,1,1,0,0,0,0,1,0,0,0,0,1,0,1,0,0,1
1015,1016,0,1,0,0,1,1,0,0,0,0,1,0,1,1,0,0,0,1,1,0
1016,1017,0,1,0,1,1,0,1,0,0,0,1,1,1,0,1,0,0,0,0,1
1017,1018,1,0,1,1,0,0,0,1,0,0,1,1,0,1,0,0,1,0,0,0
1018,1019,1,0,0,1,0,0,0,0,0,1,1,1,1,0,0,1,1,1,0,1
1019,1020,0,0,0,0,0,1,0,1,1,1,0,1,0,0,0,1,0,0,1,1
1020,1021,1,1,1,0,0,0,1,1,0,0,1,0,1,0,1,0,0,0,1,1
1021,1022,1,1,0,0,0,0,1,0,1,0,0,1,1,0,1,0,1,0,1,1
1022,1023,0,0,0,0,1,1,1,1,0,1,1,0,1,1,0,1,0,0,1,1
1023,1024,1,0,1,0,1,0,1,0,1,0,0,1,0,1,0,0,1,1,1,1
1024,1025,1,1,0,0,0,1,0,1,0,0,0,1,1,0,0,1,0,1,1,0
1025,1026,0,0,0,0,1,0,1,0,0,1,0,0,0,1,0,1,1,0,1,1
1026,1027,0,0,1,1,0,1,0,1,0,1,0,1,1,0,1,1,1,1,1,1
1027,1028,0,1,0,0,0,1,0,1,1,0,0,1,1,0,0,0,0,1,0,0
1028,1029,0,0,1,0,0,0,0,0,0,0,1,0,1,1,1,1,0,1,0,0
1029,1030,1,1,0,1,0,1,0,0,1,0,1,0,1,1,1,0,0,0,0,0
1030,1031,0,0,0,0,1,1,0,0,0,1,0,1,1,0,1,1,1,1,0,1
1031,1032,1,0,1,0,1,1,0,1,1,0,0,1,1,1,0,0,0,1,1,0
1032,1033,1,0,1,1,0,1,0,1,0,0,0,1,1,1,0,1,1,0,0,0
1033,1034,1,1,0,1,1,0,0,1,0,0,1,1,0,0,1,0,1,1,0,1
1034,1035,0,1,0,0,1,0,0,0,0,1,1,0,0,0,1,0,0,0,1,0
1035,1036,1,0,1,0,0,0,1,1,1,1,0,1,1,0,1,0,0,1,0,1
1036,1037,0,1,0,1,0,0,0,1,0,0,0,0,0,1,0,1,0,0,0,0
1037,1038,1,1,0,0,0,1,1,1,0,1,0,1,1,1,1,1,1,0,0,1
1038,1039,1,1,0,0,0,1,1,0,0,1,1,0,0,0,1,1,1,0,0,1
1039,1040,1,1,1,1,0,0,1,1,0,1,0,1,0,1,0,1,0,0,0,0
1040,1041,0,1,0,0,1,0,1,1,1,1,1,1,0,0,1,1,0,0,1,1
1041,1042,0,0,0,0,1,0,1,1,1,0,1,1,1,1,0,0,1,0,1,1
1042,1043,1,0,1,0,1,1,1,0,0,1,1,1,0,1,1,1,0,0,1,1
1043,1044,1,0,1,0,0,0,1,1,0,1,0,1,1,0,1,0,1,0,0,0
1044,1045,0,0,0,1,0,0,0,1,0,0,1,0,0,1,1,0,1,1,1,1
1045,1046,1,1,1,1,0,0,1,1,1,1,1,1,1,0,1,1,0,0,1,1
1046,1047,1,1,1,0,1,1,1,0,1,1,1,0,0,1,0,1,0,0,0,1
1047,1048,0,1,1,0,1,1,1,1,0,0,1,0,1,0,1,1,1,1,1,1
1048,1049,0,0,0,1,1,0,0,0,0,1,0,0,1,0,1,1,0,0,1,1
1049,1050,0,1,0,0,0,0,1,0,0,0,1,0,0,1,1,1,1,1,0,1
1050,1051,0,1,1,1,0,0,0,1,0,1,0,1,1,0,0,1,0,1,1,1
1051,1052,1,1,0,1,1,0,0,1,0,0,0,0,1,1,1,0,1,0,0,1
1052,1053,0,1,1,0,0,1,0,1,1,0,0,1,1,0,1,0,1,1,1,1
1053,1054,0,1,1,0,0,0,0,0,0,1,0,1,1,1,0,1,0,1,0,1
1054,1055,1,1,1,0,0,1,1,0,0,0,0,0,1,1,0,0,1,1,0,0
1055,1056,1,0,1,0,1,0,1,1,1,1,0,1,0,1,1,1,0,0,1,1
1056,1057,0,1,1,1,0,0,1,0,1,1,1,0,1,1,1,0,0,0,1,0
1057,1058,1,1,0,0,0,0,1,0,1,0,0,1,1,0,1,1,0,1,1,1
1058,1059,1,1,1,1,1,1,1,0,1,1,1,1,0,0,0,1,1,0,0,0
1059,1060,0,1,1,0,1,1,1,0,0,0,0,1,1,0,1,0,0,1,1,1
1060,1061,0,0,0,0,1,1,0,1,1,0,0,0,1,1,0,1,0,0,0,0
1061,1062,0,0,1,0,1,0,0,0,1,1,0,0,1,0,0,0,1,1,1,1
1062,1063,1,1,0,0,0,0,1,0,0,1,0,1,1,1,0,0,0,1,1,0
1063,1064,0,1,1,1,1,0,0,1,1,0,1,0,0,0,0,1,0,0,1,1
1064,1065,0,0,0,0,0,0,0,0,1,1,1,0,0,0,0,1,0,1,0,1
1065,1066,1,1,0,1,1,0,0,1,0,0,0,1,0,0,0,1,1,0,1,1
1066,1067,0,0,0,0,0,0,1,0,0,1,1,1,1,0,1,0,1,1,1,1
1067,1068,0,1,0,0,0,1,0,0,1,1,1,1,1,0,1,0,0,0,1,0
1068,1069,1,0,1,1,1,0,1,1,1,1,0,0,1,1,0,1,1,0,1,1
1069,1070,1,0,1,1,1,0,0,0,1,1,1,1,1,0,1,1,0,0,0,0
1070,1071,1,0,0,1,0,1,0,1,1,1,0,1,0,1,0,1,1,1,1,0
1071,1072,1,0,0,0,1,1,0,0,0,1,1,0,1,0,1,0,1,0,0,0
1072,1073,1,1,1,0,0,1,1,1,0,1,1,1,1,1,1,0,0,0,1,0
1073,1074,0,0,1,1,0,0,1,0,0,1,0,1,1,0,1,0,0,0,0,1
1074,1075,0,1,1,1,0,1,1,0,1,0,1,0,0,0,0,1,1,1,1,1
1075,1076,0,0,0,1,1,1,1,1,1,1,0,1,0,0,0,0,1,1,0,1
1076,1077,0,1,0,0,0,0,1,1,0,1,1,1,0,0,1,1,0,0,1,0
1077,1078,1,0,0,0,0,0,1,1,1,1,0,0,1,1,0,1,1,1,1,0
1078,1079,0,0,1,0,0,0,1,0,0,0,0,0,1,1,0,1,0,1,1,0
1079,1080,0,0,0,1,1,1,1,1,0,1,1,1,0,1,1,0,0,0,0,0
1080,1081,1,0,1,0,1,0,1,1,1,1,1,1,1,1,1,0,0,1,0,0
1081,1082,0,1,0,1,1,0,0,1,1,1,1,0,1,0,0,0,1,1,1,0
1082,1083,0,0,1,1,1,0,0,1,0,0,1,1,1,0,0,1,1,1,1,1
1083,1084,1,1,0,0,1,0,0,1,1,1,0,0,0,0,1,1,1,0,0,1
1084,1085,1,1,1,0,1,1,1,1,1,1,1,1,0,0,0,0,0,1,1,0
1085,1086,0,0,0,0,0,0,0,0,0,0,0,0,0,0,0,0,0,0,1,1
1086,1087,1,1,1,0,1,0,0,0,1,0,0,1,1,1,1,1,0,1,1,1
1087,1088,1,0,1,1,0,1,0,1,0,1,0,1,0,1,1,0,1,0,0,0
1088,1089,0,1,0,0,1,1,0,1,0,0,0,1,0,1,0,0,1,1,1,1
1089,1090,0,0,1,0,1,0,1,1,0,0,1,0,1,1,1,1,1,1,1,0
1090,1091,1,0,1,1,0,1,0,0,0,1,1,1,1,0,1,1,0,1,0,0
1091,1092,0,0,0,1,0,1,0,1,0,1,1,0,0,1,0,0,1,0,1,1
1092,1093,1,0,1,1,1,1,0,1,0,0,1,1,1,1,0,0,1,0,1,0
1093,1094,0,1,1,1,1,0,0,1,1,1,1,1,0,0,0,1,1,1,0,0
1094,1095,0,0,0,0,0,0,0,0,1,1,0,0,0,1,1,1,1,0,0,0
1095,1096,0,0,1,1,0,0,1,1,0,0,0,0,0,0,1,1,1,1,1,1
1096,1097,0,0,1,0,0,1,1,1,0,1,0,0,0,1,0,0,1,1,1,1
1097,1098,1,1,1,0,1,0,0,1,1,0,1,0,0,0,1,1,1,0,1,1
1098,1099,1,1,1,1,1,1,1,0,1,0,1,0,1,1,1,0,0,1,0,1
1099,1100,0,0,0,0,0,0,1,0,0,0,0,0,1,1,0,0,0,0,1,0
1100,1101,1,0,1,1,1,0,0,1,1,0,0,0,0,1,1,1,1,1,0,1
1101,1102,0,1,0,0,1,1,0,0,1,1,1,0,0,0,0,1,0,0,0,1
1102,1103,1,0,0,1,1,1,1,0,0,0,1,0,1,0,0,0,1,0,1,0
1103,1104,0,1,1,1,0,1,1,0,1,1,0,1,0,0,0,1,1,1,0,1
1104,1105,1,0,0,0,0,1,1,0,0,0,1,0,0,0,1,1,1,0,0,0
1105,1106,1,0,1,1,0,0,1,1,1,0,0,1,0,1,1,1,0,0,1,1
1106,1107,1,1,0,1,1,0,0,0,1,1,0,1,1,0,0,0,0,1,1,1
1107,1108,0,1,1,1,0,1,1,1,0,1,0,1,1,1,1,0,0,1,1,1
1108,1109,0,1,1,0,1,1,1,0,0,1,1,1,1,1,1,0,1,1,0,0
1109,1110,1,0,1,1,1,0,1,0,1,0,0,1,1,1,0,1,0,1,0,1
1110,1111,0,1,1,1,1,1,0,0,1,0,0,1,0,0,0,1,1,1,0,0
1111,1112,1,1,0,1,1,1,1,1,0,0,1,1,1,1,1,1,1,1,1,1
1112,1113,1,1,1,0,0,0,1,1,0,1,0,0,1,1,0,1,1,1,0,0
1113,1114,0,1,0,1,1,1,1,0,1,0,0,1,1,1,1,1,1,0,1,1
1114,1115,1,1,1,1,0,1,0,1,0,0,0,0,1,1,0,0,1,0,1,0
1115,1116,0,1,1,1,0,1,1,1,0,0,0,0,0,1,1,1,0,0,0,1
1116,1117,0,0,1,1,1,0,0,0,0,1,1,0,1,0,1,1,0,1,1,0
1117,1118,0,1,1,1,1,0,0,1,0,1,0,1,0,1,0,0,0,1,1,0
1118,1119,1,0,0,1,1,1,1,0,0,0,1,0,1,0,0,1,0,1,1,0
1119,1120,0,0,1,0,1,0,0,1,1,1,0,1,1,1,1,1,1,0,0,1
1120,1121,0,1,0,0,1,0,1,1,0,1,0,1,0,0,1,0,0,1,0,0
1121,1122,0,1,1,1,1,1,0,1,0,1,0,1,0,1,1,0,0,0,0,1
1122,1123,0,1,1,1,1,1,0,1,0,0,0,0,0,0,0,0,1,1,0,0
1123,1124,0,0,0,1,1,1,1,0,0,0,0,1,0,0,1,1,1,1,1,0
1124,1125,0,1,1,1,1,0,0,0,0,1,1,1,0,0,1,0,0,1,0,1
1125,1126,1,0,1,1,0,1,1,0,1,1,0,0,1,1,1,1,1,0,1,0
1126,1127,1,0,0,1,1,1,1,1,1,0,0,1,0,1,0,1,0,1,1,1
1127,1128,1,1,1,0,1,1,1,0,1,0,0,0,0,0,1,0,1,1,1,0
1128,1129,0,0,0,0,0,0,0,1,0,1,1,1,0,0,0,1,1,0,1,0
1129,1130,0,1,1,1,0,0,0,0,1,1,1,1,0,1,1,1,0,0,0,1
1130,1131,0,0,0,1,0,1,1,0,0,1,1,0,0,1,1,0,1,1,1,1
1131,1132,0,0,0,0,1,1,0,1,0,0,0,0,0,1,0,1,0,0,0,0
1132,1133,1,0,0,1,1,1,0,1,0,1,1,0,1,1,1,0,1,0,0,1
1133,1134,1,0,0,0,0,0,1,1,1,1,0,0,1,1,0,0,1,1,1,1
1134,1135,1,0,1,1,0,1,0,0,0,1,1,1,0,1,1,1,0,0,1,1
1135,1136,0,0,1,1,1,0,1,1,1,1,0,1,0,1,0,1,1,0,0,1
1136,1137,1,1,1,1,1,1,1,0,1,0,0,0,0,1,1,0,1,0,0,0
1137,1138,1,0,1,0,0,0,1,0,1,0,1,1,1,1,0,1,0,1,0,1
1138,1139,0,0,0,0,0,0,0,1,1,0,1,1,0,1,0,0,0,0,0,0
1139,1140,0,0,0,1,1,1,1,0,0,0,0,0,1,0,0,0,0,1,1,0
1140,1141,1,1,0,0,1,0,0,0,1,1,0,1,0,0,0,1,1,1,1,1
1141,1142,1,0,0,0,1,1,0,0,1,0,1,0,0,1,1,0,0,1,0,0
1142,1143,0,0,1,1,0,0,0,1,1,1,1,0,1,0,0,0,0,1,1,0
1143,1144,1,1,0,0,1,0,1,0,1,0,0,1,0,1,0,0,1,0,0,1
1144,1145,1,1,0,1,1,0,0,0,1,0,1,0,1,1,1,1,0,0,0,0
1145,1146,1,1,0,0,1,1,0,1,1,0,1,1,0,0,1,0,0,1,1,0
1146,1147,1,0,0,1,1,0,1,1,1,0,0,0,1,0,1,1,0,1,0,0
1147,1148,0,1,0,1,0,0,0,0,1,0,1,1,1,0,1,1,0,1,1,1
1148,1149,1,1,0,1,0,1,0,0,1,0,1,0,0,1,1,0,1,1,1,0
1149,1150,1,1,0,0,1,1,0,0,1,1,1,0,0,0,1,1,0,1,0,0
1150,1151,1,0,1,1,1,1,1,1,1,0,1,1,0,1,1,1,0,1,0,0
1151,1152,0,0,1,1,0,0,0,0,0,0,0,0,1,0,1,0,1,0,1,1
1152,1153,0,1,0,0,1,0,0,1,1,0,1,1,1,0,0,0,0,1,1,0
1153,1154,1,0,1,0,1,0,1,1,0,0,0,0,1,1,0,0,1,0,1,1
1154,1155,1,0,0,0,0,0,0,0,0,1,1,1,0,1,1,1,1,1,0,1
1155,1156,1,1,1,0,0,0,1,0,0,0,1,1,0,1,0,1,0,0,0,0
1156,1157,1,0,1,0,0,0,0,1,0,0,0,0,0,1,0,1,0,0,1,1
1157,1158,1,0,1,1,1,0,0,1,1,1,1,1,0,0,0,0,0,0,0,0
1158,1159,1,1,1,1,1,1,1,0,0,1,0,1,1,0,1,0,0,1,0,0
1159,1160,0,1,0,0,0,0,1,0,1,0,1,0,1,0,1,0,1,1,1,0
1160,1161,0,1,0,0,1,1,0,0,0,0,0,1,1,0,0,0,1,0,1,1
1161,1162,0,1,0,1,0,1,1,0,1,0,0,0,1,0,0,1,0,1,1,1
1162,1163,0,0,0,1,1,0,0,1,0,1,0,1,0,0,1,1,0,1,0,0
1163,1164,0,0,1,0,0,0,0,0,1,0,0,0,0,1,1,0,1,1,1,1
1164,1165,1,0,0,1,1,0,1,0,0,0,0,0,1,0,0,0,0,0,1,1
1165,1166,1,1,1,0,0,0,1,1,0,0,1,0,1,0,1,0,1,1,0,1
1166,1167,1,1,1,0,0,1,1,1,1,1,1,1,0,0,0,1,1,1,0,0
1167,1168,0,0,0,0,1,1,0,1,0,1,0,1,0,1,0,1,1,1,1,1
1168,1169,1,1,1,1,0,0,0,1,1,0,1,0,1,1,1,1,0,0,0,1
1169,1170,0,1,1,0,0,0,0,0,1,0,1,0,0,1,1,0,1,1,0,1
1170,1171,1,0,1,1,0,1,0,1,0,0,1,1,0,0,1,1,0,0,1,1
1171,1172,0,1,1,0,1,1,1,1,0,1,1,1,0,0,1,0,0,0,1,1
1172,1173,1,0,0,1,0,0,1,1,1,0,1,1,0,0,1,0,0,1,0,0
1173,1174,0,0,1,1,0,0,1,0,1,1,1,0,0,0,0,1,1,0,1,1
1174,1175,1,0,0,0,0,1,0,0,1,1,1,0,0,0,0,0,1,1,1,0
1175,1176,1,1,0,0,0,0,1,1,0,1,1,1,1,0,1,0,0,0,0,0
1176,1177,0,0,1,0,0,1,1,1,1,0,0,1,1,0,1,1,1,1,0,1
1177,1178,0,0,1,1,1,0,1,0,0,1,0,1,1,0,0,1,1,1,0,0
1178,1179,0,0,1,1,1,0,1,0,0,0,1,1,0,0,0,0,1,1,0,0
1179,1180,0,0,1,0,1,1,1,0,0,0,0,1,1,0,0,1,1,0,1,1
1180,1181,0,0,0,0,1,1,1,1,1,0,0,1,0,0,0,1,0,0,1,1
1181,1182,1,0,0,1,1,0,1,0,0,0,0,0,0,0,0,0,1,0,1,1
1182,1183,0,0,0,0,0,0,1,0,0,0,1,0,0,1,0,1,1,1,1,1
1183,1184,1,0,1,0,0,0,1,0,0,0,0,0,0,0,1,0,1,0,0,0
1184,1185,0,0,0,1,0,0,1,0,1,1,0,0,0,1,0,1,1,1,1,0
1185,1186,1,1,0,0,0,0,0,0,0,1,0,1,0,0,0,1,0,0,1,0
1186,1187,1,0,0,0,0,0,0,0,1,0,0,1,1,0,0,1,1,1,0,0
1187,1188,1,0,0,0,0,0,1,0,0,1,1,0,1,1,1,1,1,0,0,1
1188,1189,0,0,1,1,0,0,0,0,0,1,0,0,0,0,0,1,1,1,0,1
1189,1190,1,0,1,1,0,1,1,0,0,0,1,1,1,1,0,0,0,0,1,0
1190,1191,1,1,1,0,1,0,0,0,0,0,0,0,0,1,0,1,1,0,1,1
1191,1192,0,0,1,0,1,1,0,1,0,1,0,1,1,1,1,0,0,1,0,0
1192,1193,1,0,0,0,0,1,0,1,0,0,1,1,1,0,0,0,1,0,0,1
1193,1194,0,0,1,0,1,0,0,0,1,1,0,1,1,0,1,0,1,0,1,1
1194,1195,0,1,0,0,1,0,0,0,0,0,0,1,1,1,0,0,1,1,1,1
1195,1196,1,0,0,0,1,0,0,1,1,1,1,0,1,0,1,1,0,1,1,0
1196,1197,0,0,1,0,1,1,0,0,1,1,1,1,0,1,1,1,0,0,0,0
1197,1198,0,1,1,1,1,1,0,0,1,1,0,1,1,1,0,1,1,0,1,1
1198,1199,0,0,0,0,1,0,1,1,0,0,0,0,1,1,1,1,0,1,1,1
1199,1200,0,0,1,1,1,0,1,1,1,0,1,1,0,0,0,1,1,0,1,0
1200,1201,1,0,1,1,1,0,1,1,0,1,1,1,0,1,0,1,1,0,1,1
1201,1202,0,0,1,1,0,1,1,1,0,1,0,0,0,0,0,1,0,1,1,1
1202,1203,1,0,1,0,0,1,0,1,0,1,1,1,1,1,1,1,0,1,1,0
1203,1204,0,0,0,1,0,0,1,0,0,1,1,1,0,0,0,0,1,1,1,1
1204,1205,0,1,0,0,1,1,0,1,1,1,1,1,1,0,1,0,1,0,0,1
1205,1206,0,0,0,0,0,1,1,1,0,1,1,0,0,0,1,1,1,0,0,1
1206,1207,0,1,1,1,1,0,1,1,0,1,1,0,0,0,0,0,0,0,0,0
1207,1208,1,1,1,0,0,0,1,0,0,0,1,1,0,1,0,0,1,1,1,1
1208,1209,1,1,1,1,1,1,1,1,0,1,1,0,0,0,0,0,0,0,0,0
1209,1210,0,0,0,0,0,1,0,1,1,1,1,0,1,1,0,1,0,0,0,0
1210,1211,0,0,1,0,0,1,0,0,1,1,1,0,0,1,0,0,0,0,1,0
1211,1212,1,0,1,1,1,1,1,0,1,1,0,0,0,1,1,0,0,1,1,1
1212,1213,1,0,0,0,1,0,0,1,0,0,0,1,1,0,1,1,1,0,1,1
1213,1214,1,1,1,1,1,0,0,1,0,1,1,1,1,1,1,1,1,0,0,1
1214,1215,0,1,1,0,0,0,1,0,0,0,0,1,0,1,1,0,0,0,0,0
1215,1216,1,0,0,0,1,0,1,1,0,0,0,0,1,1,0,1,0,0,1,1
1216,1217,1,0,0,0,0,0,1,0,0,0,0,0,0,1,0,0,0,1,0,0
1217,1218,1,0,1,0,0,1,1,0,0,1,1,0,1,0,1,0,0,0,1,0
1218,1219,1,0,0,1,1,1,1,0,1,0,0,1,1,0,0,0,0,0,0,0
1219,1220,0,0,0,0,0,0,1,0,0,1,1,0,1,1,0,1,1,1,1,0
1220,1221,0,0,1,0,1,0,0,0,1,1,0,0,1,0,1,1,0,0,0,0
1221,1222,0,0,0,0,0,0,1,1,1,0,1,0,1,0,1,1,1,0,0,0
1222,1223,1,0,0,0,0,0,1,0,0,0,0,0,1,0,1,0,0,1,1,1
1223,1224,1,0,1,0,0,1,0,0,1,1,0,1,1,0,0,1,1,1,1,1
1224,1225,1,0,0,0,1,0,0,0,0,1,0,0,1,0,0,1,1,0,0,1
1225,1226,1,0,0,0,0,0,0,0,0,0,1,0,1,1,1,1,0,1,1,1
1226,1227,1,1,1,1,1,1,0,0,0,0,0,0,0,0,0,1,0,0,1,0
1227,1228,0,0,0,1,1,1,0,0,1,0,0,1,0,0,1,0,0,0,1,0
1228,1229,1,1,0,0,1,1,1,1,1,0,1,1,0,0,0,0,1,1,1,0
1229,1230,0,1,1,0,0,0,1,0,0,1,0,1,0,1,1,1,1,0,0,0
1230,1231,1,1,0,1,0,0,1,0,1,0,0,0,0,1,1,0,0,1,1,1
1231,1232,0,0,0,1,1,0,0,1,1,1,1,0,1,0,0,1,1,0,1,1
1232,1233,1,1,1,0,0,1,1,0,0,0,0,0,1,0,1,1,0,0,0,0
1233,1234,1,0,0,1,0,1,1,0,1,1,0,1,1,0,1,0,1,0,1,1
1234,1235,1,1,1,1,0,1,0,1,0,1,0,0,1,1,1,0,0,1,0,0
1235,1236,1,1,1,0,1,0,0,1,0,1,1,0,1,0,0,1,1,0,0,0
1236,1237,0,1,1,0,0,0,1,1,1,0,1,1,1,0,0,0,0,1,1,1
1237,1238,0,1,1,1,0,0,0,1,0,1,1,0,1,0,1,0,1,1,1,0
1238,1239,1,1,0,0,1,0,0,1,0,0,0,1,0,1,0,1,1,1,1,0
1239,1240,0,0,1,1,1,0,0,1,1,1,0,0,0,0,0,1,0,0,1,1
1240,1241,1,0,1,0,0,0,1,0,1,0,0,0,0,1,1,1,1,0,1,0
1241,1242,0,1,1,1,1,0,0,0,1,0,1,1,0,0,1,1,1,1,0,0
1242,1243,0,0,1,1,1,0,0,1,0,1,1,1,0,1,1,1,0,1,0,1
1243,1244,1,0,0,0,1,1,0,0,0,1,1,1,0,1,1,0,1,0,1,1
1244,1245,1,1,0,0,0,0,1,0,1,1,1,1,1,1,0,1,1,1,1,0
1245,1246,1,1,0,1,0,0,0,1,0,1,0,0,0,0,1,0,0,1,1,0
1246,1247,1,0,1,0,1,1,0,0,0,0,0,0,1,1,0,1,0,0,1,0
1247,1248,0,1,0,0,0,0,0,1,1,1,1,0,0,0,1,0,0,0,1,0
1248,1249,0,0,0,1,1,0,1,0,1,1,0,1,1,1,1,1,1,1,1,1
1249,1250,0,0,0,0,1,1,1,0,1,0,0,1,0,1,0,0,0,1,1,1
1250,1251,1,0,1,1,1,0,1,0,0,0,1,0,1,0,1,0,1,0,0,0
1251,1252,0,1,1,0,1,1,1,1,0,1,0,1,1,0,0,1,1,1,0,0
1252,1253,0,1,0,0,0,0,0,1,0,1,1,1,0,1,1,0,1,0,0,1
1253,1254,0,0,1,0,1,1,0,1,0,1,0,0,1,1,1,1,0,0,0,1
1254,1255,0,0,1,1,1,0,1,0,0,0,1,1,1,0,0,1,1,1,1,0
1255,1256,0,0,1,0,1,1,0,0,1,0,0,1,1,1,0,1,0,1,0,0
1256,1257,0,1,1,0,0,1,0,1,1,0,0,0,0,1,1,1,1,0,1,1
1257,1258,1,1,1,1,1,1,1,1,1,0,0,1,0,0,1,0,1,0,0,0
1258,1259,1,1,0,1,0,1,1,0,0,1,1,1,0,1,1,0,1,1,1,0
1259,1260,1,0,1,1,1,0,1,1,0,1,0,1,0,1,0,1,0,0,0,0
1260,1261,1,0,0,1,1,1,1,1,1,0,1,1,1,1,0,1,1,0,0,0
1261,1262,1,0,0,1,1,0,0,0,0,0,1,0,0,0,1,0,0,1,1,0
1262,1263,0,0,1,1,1,1,0,0,1,1,1,0,0,0,1,0,0,0,0,0
1263,1264,0,0,1,0,1,0,0,1,1,0,0,1,0,1,0,1,1,1,1,1
1264,1265,0,0,1,0,0,0,1,1,0,1,0,1,0,0,1,0,1,0,1,1
1265,1266,1,1,0,1,1,1,1,0,1,0,0,0,1,1,0,1,1,1,0,1
1266,1267,0,0,0,0,0,1,1,1,1,1,1,0,0,0,1,0,1,0,1,1
1267,1268,0,1,0,1,1,1,0,0,1,1,1,0,0,0,1,0,1,1,0,0
1268,1269,1,1,0,1,1,1,1,0,0,0,1,0,0,1,1,1,0,0,1,1
1269,1270,1,1,0,0,1,1,0,0,0,1,0,0,1,1,1,1,0,1,0,0
1270,1271,0,0,0,0,0,1,1,0,0,1,1,0,0,1,1,0,0,1,1,0
1271,1272,1,1,0,1,1,1,0,0,0,1,0,0,0,1,0,0,1,0,1,1
1272,1273,1,0,0,0,1,1,1,0,0,1,1,0,1,0,0,1,0,1,1,1
1273,1274,1,1,1,0,1,0,0,1,1,1,0,1,1,1,0,0,1,1,0,0
1274,1275,0,0,1,0,0,1,1,0,1,0,1,0,1,1,1,0,1,0,1,0
1275,1276,1,1,0,0,1,0,0,1,0,0,1,0,0,1,0,1,1,0,1,1
1276,1277,1,1,0,0,0,1,0,1,1,0,1,1,0,0,0,1,0,1,0,0
1277,1278,0,0,1,0,1,1,0,1,0,1,0,1,1,0,1,1,0,0,0,0
1278,1279,1,1,0,1,1,0,1,0,1,1,1,1,1,0,1,1,0,1,1,1
1279,1280,0,0,1,1,1,0,0,1,1,1,0,0,0,0,0,0,0,1,0,1
1280,1281,1,0,1,1,0,1,0,1,1,1,1,0,0,1,1,1,0,0,1,1
1281,1282,1,1,0,0,1,1,1,0,0,1,1,1,0,0,1,1,0,0,0,0
1282,1283,1,0,0,0,1,0,1,1,1,0,0,0,0,1,0,0,1,0,1,0
1283,1284,1,0,1,0,1,0,1,0,1,0,0,1,1,1,1,0,1,1,1,0
1284,1285,0,1,0,1,1,0,0,0,0,1,0,0,0,1,1,1,0,1,1,1
1285,1286,0,1,0,1,0,1,0,1,0,1,0,0,1,0,0,0,0,1,0,0
1286,1287,1,1,1,0,1,1,1,1,1,0,1,0,0,1,0,0,0,1,1,1
1287,1288,0,0,0,1,0,0,1,0,1,1,0,0,1,0,0,1,0,1,0,1
1288,1289,0,1,0,0,1,0,0,0,1,0,0,0,1,0,1,1,1,1,0,0
1289,1290,1,1,1,1,1,1,0,0,1,0,0,0,1,1,0,1,0,0,0,1
1290,1291,0,1,0,1,1,0,0,0,1,1,0,1,0,1,0,1,1,1,1,1
1291,1292,0,0,0,0,0,0,1,0,0,1,0,1,0,0,1,1,1,0,0,0
1292,1293,0,0,1,1,0,1,1,1,1,1,0,1,0,1,0,0,1,0,1,1
1293,1294,0,0,1,0,0,1,0,1,1,0,1,1,0,1,1,1,1,1,0,0
1294,1295,1,0,1,0,0,0,0,1,0,1,0,1,1,0,0,1,1,0,0,0
1295,1296,1,1,0,0,0,0,0,1,1,0,0,0,0,1,0,1,0,0,0,1
1296,1297,0,1,1,1,0,1,1,1,1,0,1,1,0,0,0,1,0,1,1,1
1297,1298,1,1,1,0,0,0,0,0,0,1,0,1,1,1,1,1,1,0,1,0
1298,1299,1,1,1,0,1,1,0,0,1,1,1,0,1,0,0,1,1,0,0,1
1299,1300,1,1,1,1,0,0,1,0,0,1,1,1,0,1,1,0,1,0,0,0
1300,1301,1,0,0,0,1,0,0,1,1,0,1,1,1,0,1,1,1,0,1,0
1301,1302,1,1,0,0,1,0,1,1,1,0,1,0,0,0,1,0,0,1,1,0
1302,1303,0,0,0,1,1,0,0,1,1,0,0,1,1,0,0,0,1,0,1,0
1303,1304,0,1,1,1,0,0,0,0,0,0,1,1,1,1,0,0,1,0,0,0
1304,1305,0,1,1,0,1,1,0,1,0,0,0,1,0,1,1,0,0,0,1,0
1305,1306,0,0,1,1,0,0,1,0,1,1,0,1,0,1,0,1,0,0,0,1
1306,1307,1,1,1,0,0,1,1,0,0,0,0,1,1,0,1,1,0,0,0,1
1307,1308,1,1,0,0,1,1,0,1,0,0,1,0,0,1,0,0,1,1,0,1
1308,1309,0,0,1,1,1,0,0,0,1,0,1,1,0,0,0,0,1,0,0,1
1309,1310,1,0,1,1,0,1,0,0,1,0,1,0,0,0,0,0,0,0,1,0
1310,1311,0,0,0,1,0,0,0,1,0,0,0,1,0,1,0,1,1,0,0,1
1311,1312,0,1,0,0,1,1,0,0,0,0,1,1,0,1,0,1,0,0,0,1
1312,1313,0,1,0,1,0,1,0,1,0,0,0,1,0,1,0,0,0,0,1,0
1313,1314,1,1,0,0,1,1,1,0,1,0,0,0,0,1,1,1,0,0,0,0
1314,1315,0,1,1,1,0,0,1,1,1,1,0,0,0,0,1,1,1,1,1,1
1315,1316,1,0,1,1,1,0,1,1,0,0,1,0,1,0,1,0,1,1,1,0
1316,1317,0,0,1,1,1,1,0,1,1,0,1,0,0,1,0,1,1,1,0,0
1317,1318,1,0,0,1,0,1,0,0,1,1,0,1,1,0,1,0,1,0,1,0
1318,1319,0,0,0,1,1,0,1,1,1,1,1,0,0,1,0,1,0,0,1,0
1319,1320,0,0,1,0,1,0,0,1,1,0,0,0,0,1,0,1,1,0,1,1
1320,1321,1,1,0,0,1,0,1,1,1,1,1,1,0,1,1,1,0,1,1,0
1321,1322,0,1,0,0,1,1,1,1,1,0,1,0,0,0,1,1,1,1,1,1
1322,1323,1,1,1,0,1,1,0,0,1,1,0,1,1,0,1,1,1,1,0,1
1323,1324,1,1,1,0,0,1,0,0,0,1,1,0,0,0,0,0,0,1,0,0
1324,1325,1,0,1,0,0,0,0,1,0,0,1,1,0,0,1,0,1,0,1,1
1325,1326,1,0,0,0,1,1,0,0,1,1,1,1,1,0,1,1,0,0,1,1
1326,1327,1,0,0,1,1,0,0,0,1,1,0,0,1,1,1,1,1,1,0,1
1327,1328,0,0,1,0,0,0,1,0,1,1,1,1,1,0,0,1,0,1,0,1
1328,1329,1,1,0,0,1,1,1,0,0,0,1,0,1,1,0,0,0,0,0,1
1329,1330,0,0,1,1,1,1,1,0,0,0,0,0,0,0,0,1,0,1,0,1
1330,1331,0,0,1,1,1,0,1,0,1,0,0,1,1,1,1,1,1,1,0,1
1331,1332,0,1,0,0,1,1,0,1,0,0,0,0,1,1,1,1,1,0,1,0
1332,1333,0,1,0,1,0,1,0,0,1,0,0,0,0,0,0,1,0,1,1,1
1333,1334,0,1,1,0,0,0,0,1,0,1,1,0,1,1,1,0,0,0,0,0
1334,1335,0,0,0,1,0,0,0,0,1,1,0,1,1,0,0,0,0,0,0,0
1335,1336,1,0,1,0,1,0,0,1,1,1,0,1,1,1,0,1,0,0,1,1
1336,1337,1,1,0,0,0,0,1,0,0,1,0,1,1,1,1,1,0,0,0,1
1337,1338,0,1,0,1,0,1,0,0,1,1,1,1,0,1,0,1,0,0,1,0
1338,1339,0,0,0,1,1,0,0,1,1,1,0,0,1,1,0,0,1,0,0,1
1339,1340,0,1,0,1,1,0,0,0,0,1,0,1,1,1,0,1,0,1,0,1
1340,1341,1,0,1,1,0,0,0,0,1,1,0,1,1,0,0,0,1,1,0,0
1341,1342,0,1,0,0,0,0,1,0,0,0,0,1,0,1,1,0,1,1,1,1
1342,1343,0,1,1,1,1,1,0,0,0,0,1,1,1,0,0,0,0,1,0,1
1343,1344,1,0,0,1,1,0,0,1,1,0,1,1,1,1,1,1,0,1,0,1
1344,1345,0,0,1,0,1,0,0,1,0,1,0,1,1,1,0,1,1,0,1,0
1345,1346,1,1,0,0,1,1,1,1,0,0,1,0,0,1,1,0,0,1,0,0
1346,1347,1,0,1,1,1,0,0,0,1,0,0,0,1,0,1,0,0,1,0,0
1347,1348,0,0,1,1,1,1,1,1,0,0,1,1,0,1,0,0,1,0,0,0
1348,1349,1,1,1,1,1,1,1,1,1,0,1,1,0,0,1,1,0,0,0,1
1349,1350,1,0,1,0,0,0,0,0,1,1,1,0,0,1,0,0,0,0,0,1
1350,1351,0,1,0,0,1,0,0,1,1,1,1,1,1,1,1,1,0,1,1,0
1351,1352,1,0,0,1,1,0,0,0,0,0,0,1,0,1,1,0,1,0,0,0
1352,1353,1,0,0,1,0,1,0,0,0,0,1,1,1,1,1,0,1,1,0,0
1353,1354,0,0,1,0,1,0,1,1,0,1,0,0,1,0,0,1,0,1,1,1
1354,1355,0,0,1,1,0,0,1,0,1,1,0,0,0,0,0,0,0,0,0,0
1355,1356,0,0,0,1,0,0,0,1,1,0,0,1,1,1,0,0,1,0,1,1
1356,1357,0,1,0,0,1,0,0,0,0,1,1,1,1,0,1,1,0,1,0,1
1357,1358,0,1,1,1,0,1,0,0,0,1,1,0,0,1,1,1,0,0,0,1
1358,1359,0,1,1,0,1,1,0,0,0,0,0,1,0,0,1,0,0,0,0,1
1359,1360,1,1,0,1,1,1,0,1,1,1,1,1,1,0,0,1,1,0,0,0
1360,1361,0,0,0,0,0,1,1,0,0,1,1,0,1,0,1,0,0,0,1,1
1361,1362,0,0,1,1,0,0,1,0,0,0,1,0,1,0,0,1,1,1,1,0
1362,1363,1,1,0,1,0,1,1,0,0,1,1,0,1,0,1,1,1,0,0,1
1363,1364,0,0,1,1,1,1,0,0,1,1,1,1,0,1,0,1,0,1,1,0
1364,1365,0,0,1,1,1,0,0,0,1,1,0,0,1,0,0,1,1,0,1,0
1365,1366,0,1,0,0,1,0,0,1,0,0,0,0,1,0,0,1,1,0,1,0
1366,1367,1,1,1,1,0,1,1,1,0,0,0,1,1,0,0,0,1,1,0,1
1367,1368,0,1,0,1,0,1,0,1,1,0,0,1,1,1,1,1,1,1,1,0
1368,1369,1,1,0,1,1,0,0,1,0,0,1,0,1,0,0,0,1,1,0,0
1369,1370,0,1,0,1,0,0,0,0,1,0,0,0,1,1,0,0,0,0,1,0
1370,1371,1,1,0,1,0,0,1,0,1,0,0,0,1,0,1,0,1,1,0,1
1371,1372,1,0,1,1,0,0,0,0,1,1,1,1,1,0,0,0,0,1,0,1
1372,1373,0,1,1,0,1,1,1,0,0,1,1,1,0,1,1,0,1,1,0,0
1373,1374,1,0,0,0,0,0,1,0,0,0,1,0,1,1,0,1,1,1,1,0
1374,1375,1,0,1,0,0,0,1,0,1,1,1,1,1,1,0,0,0,1,0,1
1375,1376,1,0,0,1,0,1,1,1,0,0,1,0,0,0,1,0,0,1,1,1
1376,1377,0,1,0,0,1,0,1,0,1,1,0,1,1,0,1,0,0,0,1,1
1377,1378,1,1,1,0,0,1,1,0,1,0,0,1,0,1,1,1,0,0,1,1
1378,1379,0,1,0,0,0,0,0,1,1,1,1,0,1,0,0,0,1,0,0,0
1379,1380,0,1,0,0,1,1,1,0,0,1,0,1,0,1,1,0,0,1,1,1
1380,1381,1,1,1,0,1,0,1,1,1,1,0,1,0,1,0,1,0,1,0,0
1381,1382,1,1,0,0,1,0,0,1,1,1,1,1,1,1,0,0,1,0,0,0
1382,1383,0,1,0,1,1,0,1,1,0,1,0,0,1,0,1,1,0,1,1,0
1383,1384,1,1,1,0,0,0,1,1,1,0,0,0,1,1,1,1,1,0,1,1
1384,1385,0,0,1,0,0,1,0,0,1,1,0,0,0,1,0,0,1,1,1,1
1385,1386,1,0,1,0,0,0,0,0,0,1,1,0,1,1,1,1,0,0,1,1
1386,1387,0,1,1,1,1,1,1,1,0,0,1,1,1,1,1,1,0,0,0,0
1387,1388,1,1,1,0,1,0,1,1,1,0,0,0,0,0,0,0,1,1,0,1
1388,1389,1,1,1,1,1,1,0,1,1,0,1,0,0,0,0,0,0,0,0,1
1389,1390,0,0,1,0,1,1,0,0,1,1,1,0,0,0,0,0,0,1,0,0
1390,1391,0,0,1,0,0,0,1,0,1,0,0,0,0,1,0,1,1,0,0,1
1391,1392,1,1,0,0,0,0,0,1,1,0,0,1,0,0,0,1,0,1,0,1
1392,1393,0,1,1,0,1,0,0,1,1,0,1,0,1,0,0,1,0,0,1,1
1393,1394,0,0,0,1,1,1,0,1,0,1,0,1,0,0,1,0,1,0,1,0
1394,1395,0,1,1,0,0,0,0,1,0,1,1,0,0,0,0,1,0,0,0,0
1395,1396,1,1,1,1,0,0,0,0,0,1,0,0,1,1,0,0,0,1,0,0
1396,1397,0,1,1,0,1,1,0,1,1,1,0,0,1,1,1,0,1,1,1,0
1397,1398,0,0,0,0,0,1,0,0,0,1,0,1,1,1,1,0,1,0,1,0
1398,1399,1,0,1,0,0,0,0,1,0,1,1,0,1,1,1,1,1,0,1,0
1399,1400,0,1,0,0,1,0,1,1,1,1,0,0,1,0,1,1,1,1,1,0
1400,1401,1,1,0,0,0,1,1,1,1,1,1,1,0,0,1,1,0,1,1,1
1401,1402,0,0,0,1,1,0,1,0,0,1,1,1,0,1,0,1,0,1,1,1
1402,1403,1,0,1,0,0,0,0,0,0,1,1,0,1,0,1,0,0,1,1,0
1403,1404,0,0,0,0,1,0,0,1,1,0,1,1,0,0,0,1,1,0,1,1
1404,1405,0,0,1,0,0,1,1,0,1,0,1,0,1,0,0,0,0,1,0,0
1405,1406,0,1,0,1,1,1,1,0,0,0,0,0,0,1,0,0,0,1,0,0
1406,1407,1,0,1,1,0,1,1,0,0,1,1,0,0,1,1,1,1,1,1,1
1407,1408,1,0,1,1,0,1,0,0,1,0,0,1,0,1,0,0,1,0,1,0
1408,1409,0,1,1,1,1,1,0,0,1,0,1,0,0,0,0,1,0,1,1,1
1409,1410,1,1,0,0,0,0,0,1,0,0,1,1,0,1,1,1,0,1,1,0
1410,1411,1,1,0,1,1,1,1,1,1,1,1,1,0,1,1,1,1,0,1,0
1411,1412,0,1,1,0,0,1,1,1,1,0,1,1,0,0,0,1,0,1,0,1
1412,1413,0,0,1,1,0,0,0,0,0,0,1,0,0,0,1,0,1,0,0,0
1413,1414,0,1,0,0,1,1,1,0,0,1,0,0,1,0,0,1,1,1,1,1
1414,1415,0,1,0,0,1,0,1,0,1,0,1,0,0,1,0,0,0,1,1,0
1415,1416,1,1,1,0,1,1,1,1,0,0,1,1,1,0,0,1,0,0,0,0
1416,1417,0,1,1,1,1,0,1,0,1,0,1,0,0,1,1,1,0,0,1,1
1417,1418,1,1,1,0,1,1,0,0,0,1,1,1,1,0,0,0,0,1,1,1
1418,1419,0,1,1,1,0,1,0,1,0,1,0,0,0,0,0,0,0,1,0,0
1419,1420,0,1,0,0,0,1,0,1,0,0,0,1,0,1,1,1,0,0,0,0
1420,1421,0,0,1,1,0,0,1,0,1,1,1,1,1,1,0,1,0,1,0,0
1421,1422,1,1,1,1,0,0,1,1,1,1,0,0,0,0,1,1,0,1,0,1
1422,1423,1,0,1,0,0,1,0,0,1,1,1,0,1,0,0,1,1,1,1,0
1423,1424,0,0,0,0,0,0,0,1,1,1,0,0,0,1,0,1,1,1,1,0
1424,1425,0,0,1,0,0,0,1,1,0,1,0,1,1,1,0,0,1,0,0,0
1425,1426,0,0,1,1,1,1,1,0,0,1,1,0,1,1,0,0,0,0,0,0
1426,1427,0,1,0,0,1,1,0,0,0,1,0,0,0,0,0,0,0,1,1,1
1427,1428,1,0,1,0,0,0,1,0,0,0,0,0,1,0,0,1,1,1,0,0
1428,1429,0,1,1,1,1,1,1,0,0,1,1,1,1,1,1,0,0,1,0,0
1429,1430,1,1,0,1,0,0,0,0,1,0,1,1,1,0,1,1,1,0,1,1
1430,1431,1,1,1,0,1,0,0,1,0,0,1,1,0,1,1,1,1,0,0,1
1431,1432,0,1,1,1,0,1,0,0,0,1,0,1,1,1,1,0,1,1,0,1
1432,1433,0,0,0,1,0,0,0,1,0,1,1,0,0,1,0,0,1,1,0,1
1433,1434,0,0,1,0,1,0,1,1,0,0,1,0,0,0,1,0,1,1,1,1
1434,1435,1,0,1,1,1,1,0,0,0,0,0,1,1,0,0,0,1,1,0,1
1435,1436,0,1,1,1,1,1,0,1,1,1,0,1,0,0,1,1,0,0,0,0
1436,1437,0,0,0,1,0,0,0,0,0,0,1,1,0,0,1,1,0,1,1,0
1437,1438,1,0,0,1,1,0,1,0,0,1,1,0,1,1,1,1,1,1,1,1
1438,1439,1,1,1,0,0,1,1,0,0,1,0,0,1,1,1,1,0,0,0,0
1439,1440,0,1,1,0,0,0,0,1,0,0,1,0,0,1,0,0,0,1,0,0
1440,1441,1,0,0,1,1,0,0,0,0,0,0,1,1,0,1,0,1,0,1,1
1441,1442,1,1,0,0,1,1,1,0,0,0,0,1,1,0,0,1,1,0,0,0
1442,1443,0,0,0,0,0,0,0,1,1,0,1,0,0,1,1,0,0,1,0,0
1443,1444,0,1,0,1,0,1,0,1,1,1,1,1,0,1,0,0,0,0,1,0
1444,1445,0,0,0,1,1,0,1,1,0,0,1,0,0,1,1,0,0,1,1,0
1445,1446,0,0,1,1,1,1,0,0,1,1,1,1,1,1,0,1,0,1,0,0
1446,1447,1,1,0,1,1,0,1,1,0,0,1,0,0,0,0,1,1,1,1,1
1447,1448,1,0,0,1,1,0,1,0,1,1,0,0,0,1,0,1,1,1,1,0
1448,1449,1,1,1,0,1,1,1,1,0,1,1,1,0,0,1,1,1,0,0,1
1449,1450,1,1,0,0,0,1,0,1,0,0,0,1,1,1,1,0,1,0,1,1
1450,1451,0,0,0,0,0,1,1,0,1,1,0,1,0,1,1,0,1,0,1,1
1451,1452,0,0,1,1,0,0,1,0,1,0,0,0,0,0,0,1,0,0,0,0
1452,1453,0,0,1,0,1,0,1,1,1,1,1,0,1,1,1,0,0,0,0,0
1453,1454,0,1,1,1,1,0,0,0,1,0,1,1,0,1,0,0,0,1,0,1
1454,1455,0,1,0,0,0,0,1,1,1,0,0,1,0,0,1,0,0,0,1,1
1455,1456,0,0,1,0,0,1,1,1,0,0,1,1,1,1,0,1,0,1,1,1
1456,1457,0,0,0,0,0,0,1,0,1,1,1,0,1,1,1,1,1,1,0,1
1457,1458,1,1,1,1,0,1,1,1,0,1,1,0,1,1,1,1,0,1,0,0
1458,1459,0,1,1,1,1,1,0,0,0,0,0,1,1,1,1,0,1,0,0,0
1459,1460,0,0,1,0,1,1,1,0,0,0,1,1,1,0,0,0,1,1,1,1
1460,1461,1,0,0,0,1,1,0,1,0,1,0,1,1,0,0,1,0,1,0,1
1461,1462,1,1,0,0,0,0,1,1,0,0,1,0,1,0,1,0,1,0,0,0
1462,1463,0,1,0,0,1,0,1,1,1,1,1,0,0,0,0,0,0,1,1,1
1463,1464,1,1,0,1,0,0,0,1,1,0,0,1,1,1,0,1,1,0,1,0
1464,1465,0,0,1,0,0,0,1,0,1,1,0,0,1,1,1,1,1,1,1,1
1465,1466,1,1,1,0,1,0,0,0,0,1,1,1,0,0,1,0,1,0,1,0
1466,1467,1,0,1,0,1,1,0,1,0,1,0,0,1,0,0,1,0,0,1,1
1467,1468,1,0,0,1,0,1,1,1,0,1,1,0,1,1,1,1,1,0,1,0
1468,1469,1,1,0,1,0,0,0,1,1,1,1,1,1,1,1,1,1,0,0,0
1469,1470,1,1,0,1,0,1,0,0,1,1,0,0,1,1,0,1,1,1,0,0
1470,1471,0,1,0,0,0,0,0,0,0,0,1,0,0,0,0,0,1,1,1,0
1471,1472,0,1,1,0,0,0,0,0,0,0,1,0,0,1,0,1,0,1,1,1
1472,1473,1,0,0,1,0,1,1,1,0,1,0,0,1,0,0,0,1,0,1,0
1473,1474,1,0,0,0,0,0,0,1,1,0,1,1,1,0,1,1,1,1,1,0
1474,1475,0,1,0,1,0,1,1,1,0,0,1,0,0,1,0,1,1,1,0,1
1475,1476,0,1,0,0,1,0,1,1,1,0,0,0,0,1,1,0,0,1,1,1
1476,1477,0,1,0,0,0,1,1,0,1,1,1,1,1,1,1,1,0,0,0,1
1477,1478,0,1,0,1,0,0,0,1,1,0,1,0,1,1,0,0,1,0,0,1
1478,1479,0,0,1,0,1,1,1,1,0,0,1,1,1,1,1,0,1,0,0,1
1479,1480,0,0,1,0,0,1,0,1,1,1,1,0,0,1,1,0,1,1,0,0
1480,1481,1,1,1,0,0,0,0,0,1,1,0,0,1,1,1,0,0,0,1,0
1481,1482,1,1,1,0,0,0,1,0,0,0,0,0,1,1,1,1,1,0,0,1
1482,1483,1,0,1,1,0,1,0,0,0,0,0,0,0,0,0,1,1,1,0,0
1483,1484,0,1,0,0,0,0,0,0,1,0,1,0,0,0,0,1,0,0,1,1
1484,1485,0,0,0,0,0,1,0,0,0,1,0,0,1,0,1,1,1,1,1,1
1485,1486,1,1,1,0,0,0,1,1,0,0,0,0,0,0,0,0,1,0,1,0
1486,1487,1,1,0,0,1,1,1,1,1,1,1,0,0,0,0,1,1,1,0,1
1487,1488,1,1,1,1,0,1,0,0,0,1,0,1,0,0,0,1,1,0,0,0
1488,1489,1,1,0,0,0,0,0,0,0,0,1,1,0,1,0,1,1,0,0,0
1489,1490,1,1,1,0,0,1,1,0,0,0,0,0,1,1,1,0,0,1,1,1
1490,1491,1,1,1,1,0,0,0,1,0,1,1,1,0,0,1,1,1,0,0,0
1491,1492,1,0,1,1,1,0,0,0,0,0,0,1,0,1,1,1,0,0,0,1
1492,1493,0,1,0,0,0,0,0,1,1,0,0,0,0,1,1,1,0,0,1,0
1493,1494,0,0,1,0,0,1,0,1,0,1,0,0,0,1,1,0,1,1,0,1
1494,1495,0,0,1,0,1,1,0,0,0,0,0,1,0,0,0,1,1,1,1,1
1495,1496,0,0,1,1,0,1,0,0,0,0,1,1,1,0,1,0,1,1,1,1
1496,1497,1,0,0,1,1,0,0,0,0,0,1,1,1,0,1,1,0,0,1,1
1497,1498,0,1,1,1,1,1,1,1,0,0,1,0,0,0,0,1,0,1,1,0
1498,1499,0,0,0,1,0,0,1,1,0,1,0,1,0,1,1,0,0,1,1,0
1499,1500,0,0,0,0,1,0,1,1,1,0,1,1,0,0,1,1,0,1,1,1
1500,1501,1,1,1,0,0,1,1,0,0,1,1,1,1,0,1,0,0,0,0,0
1501,1502,1,1,1,0,0,0,1,1,0,0,0,0,0,0,0,1,0,0,1,1
1502,1503,0,1,1,0,0,0,0,0,1,1,0,0,0,1,0,1,0,1,0,1
1503,1504,1,1,1,0,0,1,1,0,0,0,0,1,0,1,1,1,1,1,1,1
1504,1505,0,1,0,1,0,1,0,1,1,0,0,0,1,1,1,1,1,1,0,0
1505,1506,0,0,1,1,0,0,1,1,0,1,0,0,1,0,0,1,1,0,0,1
1506,1507,0,0,0,0,1,1,1,1,0,1,0,0,1,1,0,1,1,1,1,1
1507,1508,0,0,0,0,0,0,1,0,1,1,0,1,0,0,1,1,1,1,1,0
1508,1509,1,0,0,0,1,1,1,0,1,1,1,1,0,1,1,1,0,1,1,0
1509,1510,0,0,1,1,1,0,0,1,1,0,1,1,0,1,0,0,0,0,0,1
1510,1511,0,0,0,1,0,0,1,0,0,1,1,1,0,0,1,0,1,0,0,0
1511,1512,0,0,0,0,0,0,1,0,0,1,0,0,1,0,1,1,0,0,0,0
1512,1513,0,1,1,1,1,1,0,1,0,1,1,0,1,1,0,0,1,0,0,1
1513,1514,0,1,1,1,0,1,0,0,1,0,1,0,1,0,1,0,0,0,1,0
1514,1515,0,0,0,0,1,1,1,1,1,0,1,1,0,1,1,0,0,0,0,1
1515,1516,1,1,1,0,0,1,0,0,0,0,0,1,1,0,0,0,1,0,1,1
1516,1517,0,0,1,1,0,0,0,1,0,1,0,0,1,1,0,0,0,0,0,1
1517,1518,1,0,0,1,1,0,0,1,1,0,0,1,0,0,0,0,1,0,0,1
1518,1519,0,1,1,1,1,1,0,0,0,0,1,0,0,1,0,1,0,1,0,0
1519,1520,1,1,1,0,0,0,1,1,1,0,0,1,0,0,0,1,0,1,1,0
1520,1521,0,1,0,1,0,0,0,0,1,1,0,0,1,0,0,0,1,0,0,0
1521,1522,0,0,0,1,0,0,0,1,1,0,0,0,1,1,1,0,1,1,1,1
1522,1523,0,0,1,0,0,1,1,0,0,0,0,0,0,0,1,0,0,0,1,0
1523,1524,0,0,1,0,0,1,1,1,1,0,0,1,0,1,1,0,0,1,0,0
1524,1525,1,0,0,0,0,0,1,1,0,0,0,0,0,0,1,1,1,0,1,0
1525,1526,1,1,1,0,0,0,1,0,0,0,1,0,1,0,1,0,0,0,0,1
1526,1527,1,0,0,1,0,0,1,0,0,1,0,1,0,1,1,0,1,0,0,0
1527,1528,0,1,1,0,0,0,1,1,0,1,1,1,1,0,0,0,0,0,0,0
1528,1529,1,1,0,1,1,0,1,0,1,1,1,0,0,0,0,1,1,0,1,0
1529,1530,0,1,1,1,0,0,0,0,1,0,1,1,1,1,1,0,0,1,0,0
1530,1531,0,0,1,1,1,1,0,1,1,0,0,0,0,0,0,0,0,0,0,1
1531,1532,0,1,1,1,0,1,1,1,0,1,0,1,1,1,0,0,1,1,1,0
1532,1533,0,0,0,1,0,0,1,1,1,1,1,0,0,0,0,1,1,1,1,1
1533,1534,1,0,0,1,0,1,1,0,0,0,0,0,0,1,0,1,1,0,1,0
1534,1535,1,0,0,0,1,1,0,0,1,1,0,0,0,0,0,1,0,1,0,1
1535,1536,0,1,1,1,0,1,1,1,0,1,1,0,0,1,0,1,1,1,1,0
1536,1537,1,1,0,0,0,1,0,1,1,0,1,0,1,0,1,1,1,1,0,0
1537,1538,0,0,1,0,1,1,1,0,0,1,1,0,1,0,0,0,1,0,1,0
1538,1539,0,0,1,1,0,0,0,1,0,0,0,0,1,1,1,0,0,1,1,0
1539,1540,1,1,0,1,0,1,1,1,0,0,0,0,1,0,0,1,1,1,0,0
1540,1541,1,0,1,0,1,0,0,0,1,1,0,0,0,1,1,1,1,1,1,1
1541,1542,0,1,1,0,1,0,0,0,0,0,0,0,0,1,0,0,0,1,1,0
1542,1543,1,1,1,0,1,0,1,1,1,1,1,0,0,1,1,0,1,0,1,1
1543,1544,1,1,1,1,1,1,1,0,0,1,1,1,1,1,1,0,1,1,0,0
1544,1545,0,1,0,0,0,1,1,0,0,0,1,1,0,1,1,1,1,1,1,1
1545,1546,1,0,1,1,0,0,1,0,1,1,1,0,0,0,0,0,0,0,0,1
1546,1547,1,0,1,0,1,0,1,0,0,0,0,1,0,0,0,1,0,0,1,0
1547,1548,1,0,0,1,0,1,1,0,1,1,1,0,1,0,0,0,1,1,0,1
1548,1549,1,0,0,1,1,1,1,0,0,1,1,0,1,0,0,1,0,0,0,1
1549,1550,0,0,1,1,1,1,1,0,0,1,0,1,0,0,0,0,0,0,1,0
1550,1551,1,1,0,0,1,0,0,0,0,1,0,0,1,1,1,1,1,1,0,0
1551,1552,0,0,0,1,1,0,1,1,1,1,0,0,1,1,1,0,0,0,1,1
1552,1553,0,0,1,1,0,0,1,0,1,1,1,1,0,1,0,0,1,0,0,1
1553,1554,1,1,1,1,1,1,0,0,1,0,1,1,0,1,1,0,1,1,1,0
1554,1555,0,1,0,1,0,0,1,1,1,1,0,0,0,0,0,1,1,0,0,1
1555,1556,0,1,0,1,1,0,1,0,1,0,1,0,1,0,0,0,0,0,1,0
1556,1557,1,1,1,0,0,1,0,1,1,0,0,0,1,0,1,0,0,0,0,1
1557,1558,1,0,0,0,1,1,1,0,1,0,0,0,1,1,0,1,0,1,0,0
1558,1559,0,1,0,1,1,0,0,0,0,0,1,1,1,1,1,0,1,1,0,1
1559,1560,1,1,0,0,0,0,1,0,1,1,0,1,0,1,1,1,0,1,1,1
1560,1561,0,1,0,0,0,1,1,1,1,1,1,1,0,0,1,1,0,0,1,0
1561,1562,1,0,0,1,1,1,1,1,0,1,1,1,1,0,1,1,0,0,1,1
1562,1563,1,1,1,0,0,0,0,1,1,0,0,0,1,1,1,0,0,0,1,1
1563,1564,0,1,0,1,0,0,0,1,1,1,0,1,0,0,0,0,0,0,1,0
1564,1565,1,0,1,0,1,0,0,0,0,0,1,0,0,0,1,1,0,0,0,0
1565,1566,0,1,1,0,0,0,0,1,1,0,1,0,1,1,0,0,1,0,0,0
1566,1567,0,0,1,0,1,1,0,1,0,0,0,0,1,1,1,0,0,0,0,1
1567,1568,1,1,0,0,1,0,0,0,0,1,0,1,1,0,0,1,1,0,0,0
1568,1569,0,1,1,1,0,1,1,0,0,0,1,0,0,1,1,1,0,0,0,1
1569,1570,1,0,1,0,0,1,1,1,0,0,1,1,1,0,1,0,1,0,0,1
1570,1571,1,0,1,0,0,0,1,0,1,1,1,0,0,0,0,0,1,1,0,0
1571,1572,0,1,0,1,0,0,1,1,0,0,1,0,1,0,0,0,1,1,0,1
1572,1573,0,0,0,0,1,0,0,0,0,1,1,1,1,1,1,0,1,1,1,0
1573,1574,0,1,1,0,0,1,0,0,0,0,0,1,1,0,1,0,0,1,1,0
1574,1575,1,0,0,1,0,0,0,0,0,1,0,0,1,1,0,0,1,0,1,0
1575,1576,1,1,1,0,0,0,1,1,0,0,1,1,1,1,0,0,0,0,1,0
1576,1577,1,1,0,1,1,0,1,0,0,1,0,1,0,0,0,0,1,1,0,1
1577,1578,1,1,0,0,1,0,0,0,0,1,1,1,0,1,1,1,1,0,1,1
1578,1579,1,0,1,0,1,0,1,0,1,0,0,1,0,1,0,1,1,0,1,0
1579,1580,0,1,0,1,1,1,0,0,0,1,1,0,1,0,0,0,0,0,1,0
1580,1581,1,0,1,0,1,0,1,0,1,1,1,1,0,1,1,0,0,1,1,0
1581,1582,1,0,1,0,1,1,1,0,0,1,0,1,0,0,0,1,1,0,1,0
1582,1583,1,1,0,1,0,0,1,0,1,1,0,0,1,0,1,1,1,0,1,1
1583,1584,1,0,0,1,1,0,1,0,1,0,1,0,0,0,1,1,0,1,0,0
1584,1585,0,0,1,1,1,0,0,0,0,0,0,1,1,0,1,0,0,0,1,1
1585,1586,0,1,0,1,1,0,1,1,1,1,1,0,0,0,1,1,0,1,0,0
1586,1587,0,0,1,1,0,0,1,0,0,1,1,1,0,1,0,0,0,0,0,0
1587,1588,0,0,0,1,1,0,1,0,1,0,1,0,1,0,0,1,1,0,0,1
1588,1589,1,1,0,1,0,1,1,0,1,0,1,1,0,0,0,0,1,0,1,1
1589,1590,0,0,0,1,1,0,0,0,0,1,1,0,0,0,0,0,0,1,0,1
1590,1591,1,0,1,0,1,0,1,0,1,0,1,0,0,0,0,1,0,1,0,1
1591,1592,0,0,0,0,1,1,1,0,0,0,0,0,1,0,0,0,0,0,0,1
1592,1593,1,1,0,0,0,0,1,0,0,0,0,0,1,0,0,1,0,0,1,1
1593,1594,1,0,1,0,0,1,1,0,1,1,1,1,1,1,1,0,1,1,1,1
1594,1595,0,0,0,0,1,0,1,1,1,1,0,1,1,1,1,1,0,0,0,0
1595,1596,0,0,0,1,0,1,0,0,0,0,1,1,0,0,1,0,0,0,0,1
1596,1597,0,0,1,1,1,0,0,0,0,0,1,0,1,0,1,1,0,1,0,0
1597,1598,0,0,1,0,1,1,1,1,1,1,1,0,1,0,0,1,1,1,0,1
1598,1599,1,0,0,1,1,1,1,0,1,0,0,1,0,1,0,1,0,0,1,1
1599,1600,0,1,1,1,1,1,0,0,1,1,0,0,0,0,1,1,1,0,1,1
1600,1601,0,1,1,1,1,0,1,1,0,1,0,0,0,0,0,1,0,0,1,1
1601,1602,0,1,1,1,1,1,0,0,1,1,1,0,1,0,0,0,1,1,1,1
1602,1603,1,1,1,1,1,0,0,0,1,1,0,0,1,1,1,0,1,0,0,1
1603,1604,1,1,1,1,0,0,0,1,0,0,1,1,0,0,1,1,0,0,1,0
1604,1605,0,0,0,1,1,0,0,1,0,0,0,0,0,0,1,0,0,0,0,0
1605,1606,1,0,1,0,0,1,1,1,1,0,1,0,1,1,1,1,1,1,1,0
1606,1607,1,0,1,1,0,1,0,0,1,1,1,1,1,0,1,1,0,1,0,1
1607,1608,0,0,0,1,0,0,1,0,1,0,0,0,0,0,1,1,1,1,0,1
1608,1609,1,0,1,0,0,0,0,1,0,1,1,1,1,0,0,1,1,1,1,1
1609,1610,1,1,0,0,0,0,0,0,1,1,0,1,1,1,1,1,1,0,1,0
1610,1611,0,0,1,0,0,0,1,1,0,1,0,0,1,0,1,1,0,0,1,1
1611,1612,1,1,0,1,0,1,1,1,0,0,1,1,0,1,0,1,1,0,1,0
1612,1613,1,1,1,0,1,0,0,0,1,0,1,1,0,0,0,0,1,1,0,0
1613,1614,0,1,1,1,1,0,1,1,1,0,0,1,0,0,1,0,0,0,1,1
1614,1615,1,1,1,1,1,1,1,0,1,1,0,0,0,0,1,1,1,1,0,0
1615,1616,0,1,0,1,0,0,1,1,0,1,1,0,0,0,1,1,0,0,0,1
1616,1617,0,0,1,0,1,0,0,1,1,0,0,1,1,0,0,0,1,1,1,1
1617,1618,1,0,0,1,0,1,0,1,0,1,0,0,1,1,1,0,1,1,0,0
1618,1619,1,0,1,0,0,1,1,0,0,1,1,0,1,1,1,1,1,1,1,0
1619,1620,1,1,1,0,1,1,0,0,0,1,1,1,1,1,1,0,1,1,0,0
1620,1621,0,0,0,0,1,1,0,0,0,1,0,1,0,1,0,1,0,0,0,0
1621,1622,1,1,0,0,1,1,0,0,0,1,1,1,0,0,0,0,1,1,0,0
1622,1623,1,1,1,0,0,1,1,1,1,1,0,1,0,1,1,0,1,1,1,0
1623,1624,1,1,1,1,0,0,0,0,0,0,1,0,1,0,1,1,0,0,0,1
1624,1625,1,1,0,1,0,1,1,0,0,0,1,1,0,1,1,0,0,1,1,0
1625,1626,0,1,0,1,0,0,0,1,0,0,1,1,0,1,0,0,1,1,0,1
1626,1627,0,1,1,1,0,1,1,0,1,0,0,1,0,0,0,0,0,1,1,0
1627,1628,1,0,0,0,1,1,1,1,1,0,1,1,1,0,1,1,0,0,1,0
1628,1629,0,1,1,1,1,0,1,1,1,1,0,0,1,0,0,1,1,0,1,1
1629,1630,1,1,0,0,1,0,0,1,0,0,1,1,0,0,1,1,0,0,0,1
1630,1631,1,1,1,0,0,1,1,1,1,1,0,1,1,1,0,0,0,0,1,1
1631,1632,0,1,1,1,1,0,0,1,1,0,0,1,0,0,0,0,0,1,0,1
1632,1633,0,0,0,0,1,1,0,0,0,0,1,0,1,0,1,0,1,0,1,0
1633,1634,0,0,1,0,0,0,0,0,0,1,0,0,0,0,1,1,0,1,0,1
1634,1635,1,1,1,0,0,0,0,0,0,0,0,1,1,1,0,1,1,1,0,1
1635,1636,0,0,1,0,0,1,0,0,1,0,0,1,0,0,1,1,1,1,0,1
1636,1637,0,0,0,0,1,1,0,0,1,1,1,1,0,1,0,0,0,0,1,1
1637,1638,0,0,1,1,1,0,0,1,1,0,0,0,0,0,0,1,1,1,0,1
1638,1639,0,0,1,0,1,1,0,1,0,0,0,1,0,1,0,0,0,0,1,0
1639,1640,1,0,1,0,1,1,0,0,0,1,1,0,0,0,1,0,1,1,1,0
1640,1641,0,1,0,0,1,0,0,1,0,0,1,1,1,1,1,0,0,0,1,1
1641,1642,1,0,0,0,1,0,0,0,1,0,0,1,1,1,1,1,0,0,0,1
1642,1643,1,0,0,0,1,1,0,1,1,0,1,1,0,0,0,0,0,0,0,0
1643,1644,1,1,0,0,1,1,0,1,0,0,0,1,1,0,1,0,1,0,1,0
1644,1645,0,0,0,1,0,1,0,0,1,1,0,1,1,1,0,0,0,0,0,1
1645,1646,1,1,1,0,1,1,0,0,0,1,1,0,0,0,1,1,0,1,0,0
1646,1647,0,1,1,1,1,1,0,1,0,0,1,1,0,1,0,0,1,0,0,0
1647,1648,0,0,1,0,1,1,0,0,1,0,0,1,0,0,0,1,0,0,0,1
1648,1649,0,0,0,0,1,1,1,0,0,0,0,1,0,0,1,0,1,0,1,0
1649,1650,0,0,0,0,0,0,0,1,1,1,1,1,0,1,1,1,0,0,0,0
1650,1651,1,1,1,0,1,1,0,1,1,1,0,1,1,1,1,0,0,1,0,1
1651,1652,0,1,0,1,0,0,1,1,1,0,0,1,0,1,0,1,1,0,1,0
1652,1653,0,0,1,1,0,0,1,0,0,0,1,0,1,0,0,1,0,1,0,0
1653,1654,0,1,0,0,1,1,0,1,0,0,0,0,0,0,1,1,1,0,0,0
1654,1655,0,0,1,1,0,0,1,1,1,1,1,1,1,1,1,0,0,1,1,0
1655,1656,1,0,1,0,0,0,0,1,0,1,1,1,0,1,0,1,1,0,0,0
1656,1657,0,0,0,1,0,0,0,0,0,0,1,1,1,0,0,0,1,0,1,0
1657,1658,0,0,1,1,0,1,1,0,0,1,1,0,0,0,1,0,1,0,0,0
1658,1659,0,1,1,1,1,1,0,0,0,0,0,0,0,0,1,0,1,0,0,1
1659,1660,1,1,1,1,1,0,1,1,1,1,1,0,0,0,1,0,0,0,0,0
1660,1661,0,1,1,1,1,0,1,1,1,0,0,0,0,1,0,0,0,0,0,0
1661,1662,0,0,0,1,1,0,1,1,0,0,1,1,0,0,0,0,0,1,0,1
1662,1663,0,0,1,1,0,1,0,1,0,1,1,1,0,0,1,0,1,1,1,0
1663,1664,0,0,1,1,0,1,1,1,1,1,1,1,1,1,1,1,1,1,1,1
1664,1665,1,0,1,1,0,0,1,0,1,0,0,1,1,1,1,1,1,0,1,0
1665,1666,0,1,0,0,1,1,0,0,1,0,1,0,0,1,1,1,0,1,0,1
1666,1667,1,0,1,0,0,0,1,1,0,1,1,1,0,0,0,0,1,1,1,0
1667,1668,0,1,1,0,0,0,0,1,0,0,0,0,0,0,1,0,0,0,1,1
1668,1669,0,0,0,1,1,1,0,0,1,1,1,0,0,1,1,1,0,1,1,0
1669,1670,1,1,0,1,0,1,0,1,0,0,1,0,1,0,1,0,0,0,1,0
1670,1671,0,1,1,1,0,1,0,0,1,1,0,0,1,1,1,0,0,1,1,1
1671,1672,1,1,1,0,1,0,0,1,0,1,1,1,1,1,0,1,0,1,0,0
1672,1673,1,1,1,0,1,0,1,0,1,1,0,0,0,1,1,1,0,0,0,0
1673,1674,0,1,1,1,0,1,0,0,0,0,1,0,1,1,1,1,1,0,0,1
1674,1675,0,1,0,1,0,1,0,1,1,0,0,1,1,1,1,1,0,0,0,1
1675,1676,0,1,1,0,1,1,0,0,1,1,1,0,0,0,0,1,1,0,0,0
1676,1677,0,0,0,1,1,1,1,0,1,0,0,0,0,1,1,0,0,0,0,0
1677,1678,0,0,1,0,0,0,1,0,0,1,0,1,1,0,0,1,0,1,0,1
1678,1679,0,0,1,1,1,0,0,0,1,1,0,1,0,1,1,1,0,1,1,1
1679,1680,1,1,1,1,1,0,0,1,0,0,0,1,0,0,0,1,1,1,0,1
1680,1681,1,0,1,1,0,0,0,0,1,0,0,1,1,0,1,1,1,1,0,0
1681,1682,1,0,0,1,0,0,1,0,0,1,0,0,0,0,0,1,0,1,1,0
